Global Code,Global Name,Region Code,Region Name,Sub-region Code,Sub-region Name,Intermediate Region Code,Intermediate Region Name,Country or Area,M49 Code,ISO-alpha2 Code,ISO-alpha3 Code,Least Developed Countries (LDC),Land Locked Developing Countries (LLDC),Small Island Developing States (SIDS),Developed / Developing Countries,Global Name_ZH,Region Name_ZH,Sub-region Name_ZH,Intermediate Region Name_ZH,Country or Area_ZH,Global Name_RU,Region Name_RU,Sub-region Name_RU,Intermediate Region Name_RU,Country or Area_RU,Global Name_FR,Region Name_FR,Sub-region Name_FR,Intermediate Region Name_FR,Country or Area_FR,Global Name_ES,Region Name_ES,Sub-region Name_ES,Intermediate Region Name_ES,Country or Area_ES,Global Name_AR,Region Name_AR,Sub-region Name_AR,Intermediate Region Name_AR,Country or Area_AR
001,World,002,Africa,015,Northern Africa,,,Algeria,012,DZ,DZA,False,False,False,Developing,世界,非洲,北非,,阿尔及利亚,Весь мир,Африка,Северная Африка,,Алжир,Monde,Afrique,Afrique septentrionale,,Algérie,Mundo,África,África septentrional,,Argelia,العالم ,أفريقيا,أفريقيا الشمالية,, الجزائر
001,World,002,Africa,015,Northern Africa,,,Egypt,818,EG,EGY,False,False,False,Developing,世界,非洲,北非,,埃及,Весь мир,Африка,Северная Африка,,Египет,Monde,Afrique,Afrique septentrionale,,Égypte,Mundo,África,África septentrional,,Egipto,العالم ,أفريقيا,أفريقيا الشمالية,, مصر
001,World,002,Africa,015,Northern Africa,,,Libya,434,LY,LBY,False,False,False,Developing,世界,非洲,北非,,利比亚,Весь мир,Африка,Северная Африка,,Ливия,Monde,Afrique,Afrique septentrionale,,Libye,Mundo,África,África septentrional,,Libia,العالم ,أفريقيا,أفريقيا الشمالية,, ليبيا
001,World,002,Africa,015,Northern Africa,,,Morocco,504,MA,MAR,False,False,False,Developing,世界,非洲,北非,,摩洛哥,Весь мир,Африка,Северная Африка,,Марокко,Monde,Afrique,Afrique septentrionale,,Maroc,Mundo,África,África septentrional,,Marruecos,العالم ,أفريقيا,أفريقيا الشمالية,, المغرب
001,World,002,Africa,015,Northern Africa,,,Sudan,729,SD,SDN,True,False,False,Developing,世界,非洲,北非,,苏丹,Весь мир,Африка,Северная Африка,,Судан,Monde,Afrique,Afrique septentrionale,,Soudan,Mundo,África,África septentrional,,Sudán,العالم ,أفريقيا,أفريقيا الشمالية,, السودان
001,World,002,Africa,015,Northern Africa,,,Tunisia,788,TN,TUN,False,False,False,Developing,世界,非洲,北非,,突尼斯,Весь мир,Африка,Северная Африка,,Тунис,Monde,Afrique,Afrique septentrionale,,Tunisie,Mundo,África,África septentrional,,Túnez,العالم ,أفريقيا,أفريقيا الشمالية,, تونس
001,World,002,Africa,015,Northern Africa,,,Western Sahara,732,EH,ESH,False,False,False,Developing,世界,非洲,北非,,西撒哈拉,Весь мир,Африка,Северная Африка,,Западная Сахара,Monde,Afrique,Afrique septentrionale,,Sahara occidental,Mundo,África,África septentrional,,Sáhara Occidental,العالم ,أفريقيا,أفريقيا الشمالية,, الصحراء الغربية
001,World,002,Africa,202,Sub-Saharan Africa,014,Eastern Africa,British Indian Ocean Territory,086,IO,IOT,False,False,False,Developing,世界,非洲,撒哈拉以南非洲,东非,英属印度洋领土,Весь мир,Африка,Африка к югу от Сахары,Восточная Африка,Британская территория в Индийском океане,Monde,Afrique,Afrique subsaharienne,Afrique orientale,Territoire britannique de l'océan Indien,Mundo,África,África Subsahariana,África oriental,Territorio Británico del Océano Índico,العالم ,أفريقيا,أفريقيا جنوب الصحراء الكبرى,شرق أفريقيا,المحيط الهندي الإقليم البريطاني في
001,World,002,Africa,202,Sub-Saharan Africa,014,Eastern Africa,Burundi,108,BI,BDI,True,True,False,Developing,世界,非洲,撒哈拉以南非洲,东非,布隆迪,Весь мир,Африка,Африка к югу от Сахары,Восточная Африка,Бурунди,Monde,Afrique,Afrique subsaharienne,Afrique orientale,Burundi,Mundo,África,África Subsahariana,África oriental,Burundi,العالم ,أفريقيا,أفريقيا جنوب الصحراء الكبرى,شرق أفريقيا,بوروندي
001,World,002,Africa,202,Sub-Saharan Africa,014,Eastern Africa,Comoros,174,KM,COM,True,False,True,Developing,世界,非洲,撒哈拉以南非洲,东非,科摩罗,Весь мир,Африка,Африка к югу от Сахары,Восточная Африка,Коморские Острова,Monde,Afrique,Afrique subsaharienne,Afrique orientale,Comores,Mundo,África,África Subsahariana,África oriental,Comoras,العالم ,أفريقيا,أفريقيا جنوب الصحراء الكبرى,شرق أفريقيا,جزر القمر
001,World,002,Africa,202,Sub-Saharan Africa,014,Eastern Africa,Djibouti,262,DJ,DJI,True,False,False,Developing,世界,非洲,撒哈拉以南非洲,东非,吉布提,Весь мир,Африка,Африка к югу от Сахары,Восточная Африка,Джибути,Monde,Afrique,Afrique subsaharienne,Afrique orientale,Djibouti,Mundo,África,África Subsahariana,África oriental,Djibouti,العالم ,أفريقيا,أفريقيا جنوب الصحراء الكبرى,شرق أفريقيا,جيبوتي
001,World,002,Africa,202,Sub-Saharan Africa,014,Eastern Africa,Eritrea,232,ER,ERI,True,False,False,Developing,世界,非洲,撒哈拉以南非洲,东非,厄立特里亚,Весь мир,Африка,Африка к югу от Сахары,Восточная Африка,Эритрея,Monde,Afrique,Afrique subsaharienne,Afrique orientale,Érythrée,Mundo,África,África Subsahariana,África oriental,Eritrea,العالم ,أفريقيا,أفريقيا جنوب الصحراء الكبرى,شرق أفريقيا,إريتريا
001,World,002,Africa,202,Sub-Saharan Africa,014,Eastern Africa,Ethiopia,231,ET,ETH,True,True,False,Developing,世界,非洲,撒哈拉以南非洲,东非,埃塞俄比亚,Весь мир,Африка,Африка к югу от Сахары,Восточная Африка,Эфиопия,Monde,Afrique,Afrique subsaharienne,Afrique orientale,Éthiopie,Mundo,África,África Subsahariana,África oriental,Etiopía,العالم ,أفريقيا,أفريقيا جنوب الصحراء الكبرى,شرق أفريقيا,إثيوبيا
001,World,002,Africa,202,Sub-Saharan Africa,014,Eastern Africa,French Southern Territories,260,TF,ATF,False,False,False,Developing,世界,非洲,撒哈拉以南非洲,东非,法属南方领地,Весь мир,Африка,Африка к югу от Сахары,Восточная Африка,Южные земли (французская заморская территория),Monde,Afrique,Afrique subsaharienne,Afrique orientale,Terres australes françaises,Mundo,África,África Subsahariana,África oriental,Territorio de las Tierras Australes Francesas,العالم ,أفريقيا,أفريقيا جنوب الصحراء الكبرى,شرق أفريقيا,الأراضي الفرنسية الجنوبية الجنوبية 
001,World,002,Africa,202,Sub-Saharan Africa,014,Eastern Africa,Kenya,404,KE,KEN,False,False,False,Developing,世界,非洲,撒哈拉以南非洲,东非,肯尼亚,Весь мир,Африка,Африка к югу от Сахары,Восточная Африка,Кения,Monde,Afrique,Afrique subsaharienne,Afrique orientale,Kenya,Mundo,África,África Subsahariana,África oriental,Kenya,العالم ,أفريقيا,أفريقيا جنوب الصحراء الكبرى,شرق أفريقيا,كينيا
001,World,002,Africa,202,Sub-Saharan Africa,014,Eastern Africa,Madagascar,450,MG,MDG,True,False,False,Developing,世界,非洲,撒哈拉以南非洲,东非,马达加斯加,Весь мир,Африка,Африка к югу от Сахары,Восточная Африка,Мадагаскар,Monde,Afrique,Afrique subsaharienne,Afrique orientale,Madagascar,Mundo,África,África Subsahariana,África oriental,Madagascar,العالم ,أفريقيا,أفريقيا جنوب الصحراء الكبرى,شرق أفريقيا,مدغشقر
001,World,002,Africa,202,Sub-Saharan Africa,014,Eastern Africa,Malawi,454,MW,MWI,True,True,False,Developing,世界,非洲,撒哈拉以南非洲,东非,马拉维,Весь мир,Африка,Африка к югу от Сахары,Восточная Африка,Малави,Monde,Afrique,Afrique subsaharienne,Afrique orientale,Malawi,Mundo,África,África Subsahariana,África oriental,Malawi,العالم ,أفريقيا,أفريقيا جنوب الصحراء الكبرى,شرق أفريقيا,ملاوي
001,World,002,Africa,202,Sub-Saharan Africa,014,Eastern Africa,Mauritius,480,MU,MUS,False,False,True,Developing,世界,非洲,撒哈拉以南非洲,东非,毛里求斯,Весь мир,Африка,Африка к югу от Сахары,Восточная Африка,Маврикий,Monde,Afrique,Afrique subsaharienne,Afrique orientale,Maurice,Mundo,África,África Subsahariana,África oriental,Mauricio,العالم ,أفريقيا,أفريقيا جنوب الصحراء الكبرى,شرق أفريقيا,موريشيوس
001,World,002,Africa,202,Sub-Saharan Africa,014,Eastern Africa,Mayotte,175,YT,MYT,False,False,False,Developing,世界,非洲,撒哈拉以南非洲,东非,马约特,Весь мир,Африка,Африка к югу от Сахары,Восточная Африка,Остров Майотта,Monde,Afrique,Afrique subsaharienne,Afrique orientale,Mayotte,Mundo,África,África Subsahariana,África oriental,Mayotte,العالم ,أفريقيا,أفريقيا جنوب الصحراء الكبرى,شرق أفريقيا,مايوت
001,World,002,Africa,202,Sub-Saharan Africa,014,Eastern Africa,Mozambique,508,MZ,MOZ,True,False,False,Developing,世界,非洲,撒哈拉以南非洲,东非,莫桑比克,Весь мир,Африка,Африка к югу от Сахары,Восточная Африка,Мозамбик,Monde,Afrique,Afrique subsaharienne,Afrique orientale,Mozambique,Mundo,África,África Subsahariana,África oriental,Mozambique,العالم ,أفريقيا,أفريقيا جنوب الصحراء الكبرى,شرق أفريقيا,موزامبيق
001,World,002,Africa,202,Sub-Saharan Africa,014,Eastern Africa,Réunion,638,RE,REU,False,False,False,Developing,世界,非洲,撒哈拉以南非洲,东非,留尼汪,Весь мир,Африка,Африка к югу от Сахары,Восточная Африка,Реюньон,Monde,Afrique,Afrique subsaharienne,Afrique orientale,Réunion,Mundo,África,África Subsahariana,África oriental,Reunión,العالم ,أفريقيا,أفريقيا جنوب الصحراء الكبرى,شرق أفريقيا,ريونيون
001,World,002,Africa,202,Sub-Saharan Africa,014,Eastern Africa,Rwanda,646,RW,RWA,True,True,False,Developing,世界,非洲,撒哈拉以南非洲,东非,卢旺达,Весь мир,Африка,Африка к югу от Сахары,Восточная Африка,Руанда,Monde,Afrique,Afrique subsaharienne,Afrique orientale,Rwanda,Mundo,África,África Subsahariana,África oriental,Rwanda,العالم ,أفريقيا,أفريقيا جنوب الصحراء الكبرى,شرق أفريقيا,رواندا
001,World,002,Africa,202,Sub-Saharan Africa,014,Eastern Africa,Seychelles,690,SC,SYC,False,False,True,Developing,世界,非洲,撒哈拉以南非洲,东非,塞舌尔,Весь мир,Африка,Африка к югу от Сахары,Восточная Африка,Сейшельские Острова,Monde,Afrique,Afrique subsaharienne,Afrique orientale,Seychelles,Mundo,África,África Subsahariana,África oriental,Seychelles,العالم ,أفريقيا,أفريقيا جنوب الصحراء الكبرى,شرق أفريقيا,سيشيل
001,World,002,Africa,202,Sub-Saharan Africa,014,Eastern Africa,Somalia,706,SO,SOM,True,False,False,Developing,世界,非洲,撒哈拉以南非洲,东非,索马里,Весь мир,Африка,Африка к югу от Сахары,Восточная Африка,Сомали,Monde,Afrique,Afrique subsaharienne,Afrique orientale,Somalie,Mundo,África,África Subsahariana,África oriental,Somalia,العالم ,أفريقيا,أفريقيا جنوب الصحراء الكبرى,شرق أفريقيا,الصومال
001,World,002,Africa,202,Sub-Saharan Africa,014,Eastern Africa,South Sudan,728,SS,SSD,True,True,False,Developing,世界,非洲,撒哈拉以南非洲,东非,南苏丹,Весь мир,Африка,Африка к югу от Сахары,Восточная Африка,Южный Судан,Monde,Afrique,Afrique subsaharienne,Afrique orientale,Soudan du Sud,Mundo,África,África Subsahariana,África oriental,Sudán del Sur,العالم ,أفريقيا,أفريقيا جنوب الصحراء الكبرى,شرق أفريقيا,جنوب السودان
001,World,002,Africa,202,Sub-Saharan Africa,014,Eastern Africa,Uganda,800,UG,UGA,True,True,False,Developing,世界,非洲,撒哈拉以南非洲,东非,乌干达,Весь мир,Африка,Африка к югу от Сахары,Восточная Африка,Уганда,Monde,Afrique,Afrique subsaharienne,Afrique orientale,Ouganda,Mundo,África,África Subsahariana,África oriental,Uganda,العالم ,أفريقيا,أفريقيا جنوب الصحراء الكبرى,شرق أفريقيا,أوغندا
001,World,002,Africa,202,Sub-Saharan Africa,014,Eastern Africa,United Republic of Tanzania,834,TZ,TZA,True,False,False,Developing,世界,非洲,撒哈拉以南非洲,东非,坦桑尼亚联合共和国,Весь мир,Африка,Африка к югу от Сахары,Восточная Африка,Объединенная Республика Танзания,Monde,Afrique,Afrique subsaharienne,Afrique orientale,République-Unie de Tanzanie,Mundo,África,África Subsahariana,África oriental,República Unida de Tanzanía,العالم ,أفريقيا,أفريقيا جنوب الصحراء الكبرى,شرق أفريقيا,جمهورية تنزانيا المتحدة
001,World,002,Africa,202,Sub-Saharan Africa,014,Eastern Africa,Zambia,894,ZM,ZMB,True,True,False,Developing,世界,非洲,撒哈拉以南非洲,东非,赞比亚,Весь мир,Африка,Африка к югу от Сахары,Восточная Африка,Замбия,Monde,Afrique,Afrique subsaharienne,Afrique orientale,Zambie,Mundo,África,África Subsahariana,África oriental,Zambia,العالم ,أفريقيا,أفريقيا جنوب الصحراء الكبرى,شرق أفريقيا,زامبيا
001,World,002,Africa,202,Sub-Saharan Africa,014,Eastern Africa,Zimbabwe,716,ZW,ZWE,False,True,False,Developing,世界,非洲,撒哈拉以南非洲,东非,津巴布韦,Весь мир,Африка,Африка к югу от Сахары,Восточная Африка,Зимбабве,Monde,Afrique,Afrique subsaharienne,Afrique orientale,Zimbabwe,Mundo,África,África Subsahariana,África oriental,Zimbabwe,العالم ,أفريقيا,أفريقيا جنوب الصحراء الكبرى,شرق أفريقيا,زمبابوي
001,World,002,Africa,202,Sub-Saharan Africa,017,Middle Africa,Angola,024,AO,AGO,True,False,False,Developing,世界,非洲,撒哈拉以南非洲,中非,安哥拉,Весь мир,Африка,Африка к югу от Сахары,Центральная Африка,Ангола,Monde,Afrique,Afrique subsaharienne,Afrique centrale,Angola,Mundo,África,África Subsahariana,África central,Angola,العالم ,أفريقيا,أفريقيا جنوب الصحراء الكبرى,وسط أفريقيا,أنغولا
001,World,002,Africa,202,Sub-Saharan Africa,017,Middle Africa,Cameroon,120,CM,CMR,False,False,False,Developing,世界,非洲,撒哈拉以南非洲,中非,喀麦隆,Весь мир,Африка,Африка к югу от Сахары,Центральная Африка,Камерун,Monde,Afrique,Afrique subsaharienne,Afrique centrale,Cameroun,Mundo,África,África Subsahariana,África central,Camerún,العالم ,أفريقيا,أفريقيا جنوب الصحراء الكبرى,وسط أفريقيا,الكاميرون
001,World,002,Africa,202,Sub-Saharan Africa,017,Middle Africa,Central African Republic,140,CF,CAF,True,True,False,Developing,世界,非洲,撒哈拉以南非洲,中非,中非共和国,Весь мир,Африка,Африка к югу от Сахары,Центральная Африка,Центральноафриканская Республика,Monde,Afrique,Afrique subsaharienne,Afrique centrale,République centrafricaine,Mundo,África,África Subsahariana,África central,República Centroafricana,العالم ,أفريقيا,أفريقيا جنوب الصحراء الكبرى,وسط أفريقيا,جمهورية أفريقيا الوسطى
001,World,002,Africa,202,Sub-Saharan Africa,017,Middle Africa,Chad,148,TD,TCD,True,True,False,Developing,世界,非洲,撒哈拉以南非洲,中非,乍得,Весь мир,Африка,Африка к югу от Сахары,Центральная Африка,Чад,Monde,Afrique,Afrique subsaharienne,Afrique centrale,Tchad,Mundo,África,África Subsahariana,África central,Chad,العالم ,أفريقيا,أفريقيا جنوب الصحراء الكبرى,وسط أفريقيا,تشاد
001,World,002,Africa,202,Sub-Saharan Africa,017,Middle Africa,Congo,178,CG,COG,False,False,False,Developing,世界,非洲,撒哈拉以南非洲,中非,刚果,Весь мир,Африка,Африка к югу от Сахары,Центральная Африка,Конго,Monde,Afrique,Afrique subsaharienne,Afrique centrale,Congo,Mundo,África,África Subsahariana,África central,Congo,العالم ,أفريقيا,أفريقيا جنوب الصحراء الكبرى,وسط أفريقيا,الكونغو
001,World,002,Africa,202,Sub-Saharan Africa,017,Middle Africa,Democratic Republic of the Congo,180,CD,COD,True,False,False,Developing,世界,非洲,撒哈拉以南非洲,中非,刚果民主共和国,Весь мир,Африка,Африка к югу от Сахары,Центральная Африка,Демократическая Республика Конго,Monde,Afrique,Afrique subsaharienne,Afrique centrale,République démocratique du Congo,Mundo,África,África Subsahariana,África central,República Democrática del Congo,العالم ,أفريقيا,أفريقيا جنوب الصحراء الكبرى,وسط أفريقيا,جمهورية الكونغو الديمقراطية
001,World,002,Africa,202,Sub-Saharan Africa,017,Middle Africa,Equatorial Guinea,226,GQ,GNQ,False,False,False,Developing,世界,非洲,撒哈拉以南非洲,中非,赤道几内亚,Весь мир,Африка,Африка к югу от Сахары,Центральная Африка,Экваториальная Гвинея,Monde,Afrique,Afrique subsaharienne,Afrique centrale,Guinée équatoriale,Mundo,África,África Subsahariana,África central,Guinea Ecuatorial,العالم ,أفريقيا,أفريقيا جنوب الصحراء الكبرى,وسط أفريقيا,غينيا الاستوائية
001,World,002,Africa,202,Sub-Saharan Africa,017,Middle Africa,Gabon,266,GA,GAB,False,False,False,Developing,世界,非洲,撒哈拉以南非洲,中非,加蓬,Весь мир,Африка,Африка к югу от Сахары,Центральная Африка,Габон,Monde,Afrique,Afrique subsaharienne,Afrique centrale,Gabon,Mundo,África,África Subsahariana,África central,Gabón,العالم ,أفريقيا,أفريقيا جنوب الصحراء الكبرى,وسط أفريقيا,غابون
001,World,002,Africa,202,Sub-Saharan Africa,017,Middle Africa,Sao Tome and Principe,678,ST,STP,True,False,True,Developing,世界,非洲,撒哈拉以南非洲,中非,圣多美和普林西比,Весь мир,Африка,Африка к югу от Сахары,Центральная Африка,Сан-Томе и Принсипи,Monde,Afrique,Afrique subsaharienne,Afrique centrale,Sao Tomé-et-Principe,Mundo,África,África Subsahariana,África central,Santo Tomé y Príncipe,العالم ,أفريقيا,أفريقيا جنوب الصحراء الكبرى,وسط أفريقيا,سان تومي وبرينسيبي
001,World,002,Africa,202,Sub-Saharan Africa,018,Southern Africa,Botswana,072,BW,BWA,False,True,False,Developing,世界,非洲,撒哈拉以南非洲,南部非洲,博茨瓦纳,Весь мир,Африка,Африка к югу от Сахары,Южная часть Африки,Ботсвана,Monde,Afrique,Afrique subsaharienne,Afrique australe,Botswana,Mundo,África,África Subsahariana,África meridional,Botswana,العالم ,أفريقيا,أفريقيا جنوب الصحراء الكبرى,الجنوب الأفريقي,بوتسوانا
001,World,002,Africa,202,Sub-Saharan Africa,018,Southern Africa,Eswatini,748,SZ,SWZ,False,True,False,Developing,世界,非洲,撒哈拉以南非洲,南部非洲,斯威士兰,Весь мир,Африка,Африка к югу от Сахары,Южная часть Африки,Эсватини,Monde,Afrique,Afrique subsaharienne,Afrique australe,Eswatini,Mundo,África,África Subsahariana,África meridional,Eswatini,العالم ,أفريقيا,أفريقيا جنوب الصحراء الكبرى,الجنوب الأفريقي,إسواتيني
001,World,002,Africa,202,Sub-Saharan Africa,018,Southern Africa,Lesotho,426,LS,LSO,True,True,False,Developing,世界,非洲,撒哈拉以南非洲,南部非洲,莱索托,Весь мир,Африка,Африка к югу от Сахары,Южная часть Африки,Лесото,Monde,Afrique,Afrique subsaharienne,Afrique australe,Lesotho,Mundo,África,África Subsahariana,África meridional,Lesotho,العالم ,أفريقيا,أفريقيا جنوب الصحراء الكبرى,الجنوب الأفريقي,ليسوتو
001,World,002,Africa,202,Sub-Saharan Africa,018,Southern Africa,Namibia,516,NA,NAM,False,False,False,Developing,世界,非洲,撒哈拉以南非洲,南部非洲,纳米比亚,Весь мир,Африка,Африка к югу от Сахары,Южная часть Африки,Намибия,Monde,Afrique,Afrique subsaharienne,Afrique australe,Namibie,Mundo,África,África Subsahariana,África meridional,Namibia,العالم ,أفريقيا,أفريقيا جنوب الصحراء الكبرى,الجنوب الأفريقي,ناميبيا
001,World,002,Africa,202,Sub-Saharan Africa,018,Southern Africa,South Africa,710,ZA,ZAF,False,False,False,Developing,世界,非洲,撒哈拉以南非洲,南部非洲,南非,Весь мир,Африка,Африка к югу от Сахары,Южная часть Африки,Южная Африка,Monde,Afrique,Afrique subsaharienne,Afrique australe,Afrique du Sud,Mundo,África,África Subsahariana,África meridional,Sudáfrica,العالم ,أفريقيا,أفريقيا جنوب الصحراء الكبرى,الجنوب الأفريقي,جنوب أفريقيا
001,World,002,Africa,202,Sub-Saharan Africa,011,Western Africa,Benin,204,BJ,BEN,True,False,False,Developing,世界,非洲,撒哈拉以南非洲,西非,贝宁,Весь мир,Африка,Африка к югу от Сахары,Западная Африка,Бенин,Monde,Afrique,Afrique subsaharienne,Afrique occidentale,Bénin,Mundo,África,África Subsahariana,África occidental,Benin,العالم ,أفريقيا,أفريقيا جنوب الصحراء الكبرى,غرب أفريقيا,بنن
001,World,002,Africa,202,Sub-Saharan Africa,011,Western Africa,Burkina Faso,854,BF,BFA,True,True,False,Developing,世界,非洲,撒哈拉以南非洲,西非,布基纳法索,Весь мир,Африка,Африка к югу от Сахары,Западная Африка,Буркина-Фасо,Monde,Afrique,Afrique subsaharienne,Afrique occidentale,Burkina Faso,Mundo,África,África Subsahariana,África occidental,Burkina Faso,العالم ,أفريقيا,أفريقيا جنوب الصحراء الكبرى,غرب أفريقيا,بوركينا فاسو
001,World,002,Africa,202,Sub-Saharan Africa,011,Western Africa,Cabo Verde,132,CV,CPV,False,False,True,Developing,世界,非洲,撒哈拉以南非洲,西非,佛得角,Весь мир,Африка,Африка к югу от Сахары,Западная Африка,Кабо-Верде,Monde,Afrique,Afrique subsaharienne,Afrique occidentale,Cabo Verde,Mundo,África,África Subsahariana,África occidental,Cabo Verde,العالم ,أفريقيا,أفريقيا جنوب الصحراء الكبرى,غرب أفريقيا,كابو فيردي
001,World,002,Africa,202,Sub-Saharan Africa,011,Western Africa,Côte d’Ivoire,384,CI,CIV,False,False,False,Developing,世界,非洲,撒哈拉以南非洲,西非,科特迪瓦,Весь мир,Африка,Африка к югу от Сахары,Западная Африка,Кот-д'Ивуар,Monde,Afrique,Afrique subsaharienne,Afrique occidentale,Côte d’Ivoire,Mundo,África,África Subsahariana,África occidental,Côte d’Ivoire,العالم ,أفريقيا,أفريقيا جنوب الصحراء الكبرى,غرب أفريقيا,كوت ديفوار
001,World,002,Africa,202,Sub-Saharan Africa,011,Western Africa,Gambia,270,GM,GMB,True,False,False,Developing,世界,非洲,撒哈拉以南非洲,西非,冈比亚,Весь мир,Африка,Африка к югу от Сахары,Западная Африка,Гамбия,Monde,Afrique,Afrique subsaharienne,Afrique occidentale,Gambie,Mundo,África,África Subsahariana,África occidental,Gambia,العالم ,أفريقيا,أفريقيا جنوب الصحراء الكبرى,غرب أفريقيا,غامبيا
001,World,002,Africa,202,Sub-Saharan Africa,011,Western Africa,Ghana,288,GH,GHA,False,False,False,Developing,世界,非洲,撒哈拉以南非洲,西非,加纳,Весь мир,Африка,Африка к югу от Сахары,Западная Африка,Гана,Monde,Afrique,Afrique subsaharienne,Afrique occidentale,Ghana,Mundo,África,África Subsahariana,África occidental,Ghana,العالم ,أفريقيا,أفريقيا جنوب الصحراء الكبرى,غرب أفريقيا,غانا
001,World,002,Africa,202,Sub-Saharan Africa,011,Western Africa,Guinea,324,GN,GIN,True,False,False,Developing,世界,非洲,撒哈拉以南非洲,西非,几内亚,Весь мир,Африка,Африка к югу от Сахары,Западная Африка,Гвинея,Monde,Afrique,Afrique subsaharienne,Afrique occidentale,Guinée,Mundo,África,África Subsahariana,África occidental,Guinea,العالم ,أفريقيا,أفريقيا جنوب الصحراء الكبرى,غرب أفريقيا,غينيا
001,World,002,Africa,202,Sub-Saharan Africa,011,Western Africa,Guinea-Bissau,624,GW,GNB,True,False,True,Developing,世界,非洲,撒哈拉以南非洲,西非,几内亚比绍,Весь мир,Африка,Африка к югу от Сахары,Западная Африка,Гвинея-Бисау,Monde,Afrique,Afrique subsaharienne,Afrique occidentale,Guinée-Bissau,Mundo,África,África Subsahariana,África occidental,Guinea-Bissau,العالم ,أفريقيا,أفريقيا جنوب الصحراء الكبرى,غرب أفريقيا,غينيا - بيساو
001,World,002,Africa,202,Sub-Saharan Africa,011,Western Africa,Liberia,430,LR,LBR,True,False,False,Developing,世界,非洲,撒哈拉以南非洲,西非,利比里亚,Весь мир,Африка,Африка к югу от Сахары,Западная Африка,Либерия,Monde,Afrique,Afrique subsaharienne,Afrique occidentale,Libéria,Mundo,África,África Subsahariana,África occidental,Liberia,العالم ,أفريقيا,أفريقيا جنوب الصحراء الكبرى,غرب أفريقيا,ليبريا
001,World,002,Africa,202,Sub-Saharan Africa,011,Western Africa,Mali,466,ML,MLI,True,True,False,Developing,世界,非洲,撒哈拉以南非洲,西非,马里,Весь мир,Африка,Африка к югу от Сахары,Западная Африка,Мали,Monde,Afrique,Afrique subsaharienne,Afrique occidentale,Mali,Mundo,África,África Subsahariana,África occidental,Malí,العالم ,أفريقيا,أفريقيا جنوب الصحراء الكبرى,غرب أفريقيا,مالي
001,World,002,Africa,202,Sub-Saharan Africa,011,Western Africa,Mauritania,478,MR,MRT,True,False,False,Developing,世界,非洲,撒哈拉以南非洲,西非,毛里塔尼亚,Весь мир,Африка,Африка к югу от Сахары,Западная Африка,Мавритания,Monde,Afrique,Afrique subsaharienne,Afrique occidentale,Mauritanie,Mundo,África,África Subsahariana,África occidental,Mauritania,العالم ,أفريقيا,أفريقيا جنوب الصحراء الكبرى,غرب أفريقيا,موريتانيا
001,World,002,Africa,202,Sub-Saharan Africa,011,Western Africa,Niger,562,NE,NER,True,True,False,Developing,世界,非洲,撒哈拉以南非洲,西非,尼日尔,Весь мир,Африка,Африка к югу от Сахары,Западная Африка,Нигер,Monde,Afrique,Afrique subsaharienne,Afrique occidentale,Niger,Mundo,África,África Subsahariana,África occidental,Níger,العالم ,أفريقيا,أفريقيا جنوب الصحراء الكبرى,غرب أفريقيا,النيجر
001,World,002,Africa,202,Sub-Saharan Africa,011,Western Africa,Nigeria,566,NG,NGA,False,False,False,Developing,世界,非洲,撒哈拉以南非洲,西非,尼日利亚,Весь мир,Африка,Африка к югу от Сахары,Западная Африка,Нигерия,Monde,Afrique,Afrique subsaharienne,Afrique occidentale,Nigéria,Mundo,África,África Subsahariana,África occidental,Nigeria,العالم ,أفريقيا,أفريقيا جنوب الصحراء الكبرى,غرب أفريقيا,نيجيريا
001,World,002,Africa,202,Sub-Saharan Africa,011,Western Africa,Saint Helena,654,SH,SHN,False,False,False,Developing,世界,非洲,撒哈拉以南非洲,西非,圣赫勒拿,Весь мир,Африка,Африка к югу от Сахары,Западная Африка,Остров Святой Елены,Monde,Afrique,Afrique subsaharienne,Afrique occidentale,Sainte-Hélène,Mundo,África,África Subsahariana,África occidental,Santa Elena,العالم ,أفريقيا,أفريقيا جنوب الصحراء الكبرى,غرب أفريقيا,سانت هيلانة
001,World,002,Africa,202,Sub-Saharan Africa,011,Western Africa,Senegal,686,SN,SEN,True,False,False,Developing,世界,非洲,撒哈拉以南非洲,西非,塞内加尔,Весь мир,Африка,Африка к югу от Сахары,Западная Африка,Сенегал,Monde,Afrique,Afrique subsaharienne,Afrique occidentale,Sénégal,Mundo,África,África Subsahariana,África occidental,Senegal,العالم ,أفريقيا,أفريقيا جنوب الصحراء الكبرى,غرب أفريقيا,السنغال
001,World,002,Africa,202,Sub-Saharan Africa,011,Western Africa,Sierra Leone,694,SL,SLE,True,False,False,Developing,世界,非洲,撒哈拉以南非洲,西非,塞拉利昂,Весь мир,Африка,Африка к югу от Сахары,Западная Африка,Сьерра-Леоне,Monde,Afrique,Afrique subsaharienne,Afrique occidentale,Sierra Leone,Mundo,África,África Subsahariana,África occidental,Sierra Leona,العالم ,أفريقيا,أفريقيا جنوب الصحراء الكبرى,غرب أفريقيا,سيراليون
001,World,002,Africa,202,Sub-Saharan Africa,011,Western Africa,Togo,768,TG,TGO,True,False,False,Developing,世界,非洲,撒哈拉以南非洲,西非,多哥,Весь мир,Африка,Африка к югу от Сахары,Западная Африка,Того,Monde,Afrique,Afrique subsaharienne,Afrique occidentale,Togo,Mundo,África,África Subsahariana,África occidental,Togo,العالم ,أفريقيا,أفريقيا جنوب الصحراء الكبرى,غرب أفريقيا,توغو
001,World,019,Americas,419,Latin America and the Caribbean,029,Caribbean,Anguilla,660,AI,AIA,False,False,True,Developing,世界,美洲,拉丁美洲和加勒比,加勒比,安圭拉,Весь мир,Северная и Южная Америка,Латинская Америка и Карибский бассейн,Карибский бассейн,Ангилья,Monde,Amériques,Amérique latine et Caraïbes,Caraïbes,Anguilla,Mundo,Américas,América Latina y el Caribe,El Caribe,Anguila,العالم ,الأمريكتان,أمريكا اللاتينية ومنطقة البحر الكاريبي,منطقة البحر الكاريبي,أنغويلا
001,World,019,Americas,419,Latin America and the Caribbean,029,Caribbean,Antigua and Barbuda,028,AG,ATG,False,False,True,Developing,世界,美洲,拉丁美洲和加勒比,加勒比,安提瓜和巴布达,Весь мир,Северная и Южная Америка,Латинская Америка и Карибский бассейн,Карибский бассейн,Антигуа и Барбуда,Monde,Amériques,Amérique latine et Caraïbes,Caraïbes,Antigua-et-Barbuda,Mundo,Américas,América Latina y el Caribe,El Caribe,Antigua y Barbuda,العالم ,الأمريكتان,أمريكا اللاتينية ومنطقة البحر الكاريبي,منطقة البحر الكاريبي,أنتيغوا وبربودا
001,World,019,Americas,419,Latin America and the Caribbean,029,Caribbean,Aruba,533,AW,ABW,False,False,True,Developing,世界,美洲,拉丁美洲和加勒比,加勒比,阿鲁巴,Весь мир,Северная и Южная Америка,Латинская Америка и Карибский бассейн,Карибский бассейн,Аруба,Monde,Amériques,Amérique latine et Caraïbes,Caraïbes,Aruba,Mundo,Américas,América Latina y el Caribe,El Caribe,Aruba,العالم ,الأمريكتان,أمريكا اللاتينية ومنطقة البحر الكاريبي,منطقة البحر الكاريبي,أروبا
001,World,019,Americas,419,Latin America and the Caribbean,029,Caribbean,Bahamas,044,BS,BHS,False,False,True,Developing,世界,美洲,拉丁美洲和加勒比,加勒比,巴哈马,Весь мир,Северная и Южная Америка,Латинская Америка и Карибский бассейн,Карибский бассейн,Багамские Острова,Monde,Amériques,Amérique latine et Caraïbes,Caraïbes,Bahamas,Mundo,Américas,América Latina y el Caribe,El Caribe,Bahamas,العالم ,الأمريكتان,أمريكا اللاتينية ومنطقة البحر الكاريبي,منطقة البحر الكاريبي,جزر البهاما
001,World,019,Americas,419,Latin America and the Caribbean,029,Caribbean,Barbados,052,BB,BRB,False,False,True,Developing,世界,美洲,拉丁美洲和加勒比,加勒比,巴巴多斯,Весь мир,Северная и Южная Америка,Латинская Америка и Карибский бассейн,Карибский бассейн,Барбадос,Monde,Amériques,Amérique latine et Caraïbes,Caraïbes,Barbade,Mundo,Américas,América Latina y el Caribe,El Caribe,Barbados,العالم ,الأمريكتان,أمريكا اللاتينية ومنطقة البحر الكاريبي,منطقة البحر الكاريبي,بربادوس
001,World,019,Americas,419,Latin America and the Caribbean,029,Caribbean,"Bonaire, Sint Eustatius and Saba",535,BQ,BES,False,False,True,Developing,世界,美洲,拉丁美洲和加勒比,加勒比,博纳尔，圣俄斯塔休斯和萨巴,Весь мир,Северная и Южная Америка,Латинская Америка и Карибский бассейн,Карибский бассейн,"Бонайре, Синт-Эстатиус и Саба",Monde,Amériques,Amérique latine et Caraïbes,Caraïbes,"Bonaire, Saint-Eustache et Saba",Mundo,Américas,América Latina y el Caribe,El Caribe,"Bonaire, San Eustaquio y Saba",العالم ,الأمريكتان,أمريكا اللاتينية ومنطقة البحر الكاريبي,منطقة البحر الكاريبي,بونير وسانت يوستاشيوس وسابا
001,World,019,Americas,419,Latin America and the Caribbean,029,Caribbean,British Virgin Islands,092,VG,VGB,False,False,True,Developing,世界,美洲,拉丁美洲和加勒比,加勒比,英属维尔京群岛,Весь мир,Северная и Южная Америка,Латинская Америка и Карибский бассейн,Карибский бассейн,Британские Виргинские острова,Monde,Amériques,Amérique latine et Caraïbes,Caraïbes,Îles Vierges britanniques,Mundo,Américas,América Latina y el Caribe,El Caribe,Islas Vírgenes Británicas,العالم ,الأمريكتان,أمريكا اللاتينية ومنطقة البحر الكاريبي,منطقة البحر الكاريبي,جزر فرجن البريطانية
001,World,019,Americas,419,Latin America and the Caribbean,029,Caribbean,Cayman Islands,136,KY,CYM,False,False,False,Developing,世界,美洲,拉丁美洲和加勒比,加勒比,开曼群岛,Весь мир,Северная и Южная Америка,Латинская Америка и Карибский бассейн,Карибский бассейн,Кайман острова,Monde,Amériques,Amérique latine et Caraïbes,Caraïbes,Îles Caïmanes,Mundo,Américas,América Latina y el Caribe,El Caribe,Islas Caimán,العالم ,الأمريكتان,أمريكا اللاتينية ومنطقة البحر الكاريبي,منطقة البحر الكاريبي,جزر كايمان
001,World,019,Americas,419,Latin America and the Caribbean,029,Caribbean,Cuba,192,CU,CUB,False,False,True,Developing,世界,美洲,拉丁美洲和加勒比,加勒比,古巴,Весь мир,Северная и Южная Америка,Латинская Америка и Карибский бассейн,Карибский бассейн,Куба,Monde,Amériques,Amérique latine et Caraïbes,Caraïbes,Cuba,Mundo,Américas,América Latina y el Caribe,El Caribe,Cuba,العالم ,الأمريكتان,أمريكا اللاتينية ومنطقة البحر الكاريبي,منطقة البحر الكاريبي,كوبا
001,World,019,Americas,419,Latin America and the Caribbean,029,Caribbean,Curaçao,531,CW,CUW,False,False,True,Developing,世界,美洲,拉丁美洲和加勒比,加勒比,库拉索,Весь мир,Северная и Южная Америка,Латинская Америка и Карибский бассейн,Карибский бассейн,Кюрасао,Monde,Amériques,Amérique latine et Caraïbes,Caraïbes,Curaçao,Mundo,Américas,América Latina y el Caribe,El Caribe,Curazao,العالم ,الأمريكتان,أمريكا اللاتينية ومنطقة البحر الكاريبي,منطقة البحر الكاريبي,كوراساو
001,World,019,Americas,419,Latin America and the Caribbean,029,Caribbean,Dominica,212,DM,DMA,False,False,True,Developing,世界,美洲,拉丁美洲和加勒比,加勒比,多米尼克,Весь мир,Северная и Южная Америка,Латинская Америка и Карибский бассейн,Карибский бассейн,Доминика,Monde,Amériques,Amérique latine et Caraïbes,Caraïbes,Dominique,Mundo,Américas,América Latina y el Caribe,El Caribe,Dominica,العالم ,الأمريكتان,أمريكا اللاتينية ومنطقة البحر الكاريبي,منطقة البحر الكاريبي,دومينيكا
001,World,019,Americas,419,Latin America and the Caribbean,029,Caribbean,Dominican Republic,214,DO,DOM,False,False,True,Developing,世界,美洲,拉丁美洲和加勒比,加勒比,多米尼加,Весь мир,Северная и Южная Америка,Латинская Америка и Карибский бассейн,Карибский бассейн,Доминиканская Республика,Monde,Amériques,Amérique latine et Caraïbes,Caraïbes,République dominicaine,Mundo,Américas,América Latina y el Caribe,El Caribe,República Dominicana,العالم ,الأمريكتان,أمريكا اللاتينية ومنطقة البحر الكاريبي,منطقة البحر الكاريبي,الجمهورية الدومينيكية
001,World,019,Americas,419,Latin America and the Caribbean,029,Caribbean,Grenada,308,GD,GRD,False,False,True,Developing,世界,美洲,拉丁美洲和加勒比,加勒比,格林纳达,Весь мир,Северная и Южная Америка,Латинская Америка и Карибский бассейн,Карибский бассейн,Гренада,Monde,Amériques,Amérique latine et Caraïbes,Caraïbes,Grenade,Mundo,Américas,América Latina y el Caribe,El Caribe,Granada,العالم ,الأمريكتان,أمريكا اللاتينية ومنطقة البحر الكاريبي,منطقة البحر الكاريبي,غرينادا
001,World,019,Americas,419,Latin America and the Caribbean,029,Caribbean,Guadeloupe,312,GP,GLP,False,False,False,Developing,世界,美洲,拉丁美洲和加勒比,加勒比,瓜德罗普,Весь мир,Северная и Южная Америка,Латинская Америка и Карибский бассейн,Карибский бассейн,Гваделупа,Monde,Amériques,Amérique latine et Caraïbes,Caraïbes,Guadeloupe,Mundo,Américas,América Latina y el Caribe,El Caribe,Guadalupe,العالم ,الأمريكتان,أمريكا اللاتينية ومنطقة البحر الكاريبي,منطقة البحر الكاريبي,غوادلوب
001,World,019,Americas,419,Latin America and the Caribbean,029,Caribbean,Haiti,332,HT,HTI,True,False,True,Developing,世界,美洲,拉丁美洲和加勒比,加勒比,海地,Весь мир,Северная и Южная Америка,Латинская Америка и Карибский бассейн,Карибский бассейн,Гаити,Monde,Amériques,Amérique latine et Caraïbes,Caraïbes,Haïti,Mundo,Américas,América Latina y el Caribe,El Caribe,Haití,العالم ,الأمريكتان,أمريكا اللاتينية ومنطقة البحر الكاريبي,منطقة البحر الكاريبي,هايتي
001,World,019,Americas,419,Latin America and the Caribbean,029,Caribbean,Jamaica,388,JM,JAM,False,False,True,Developing,世界,美洲,拉丁美洲和加勒比,加勒比,牙买加,Весь мир,Северная и Южная Америка,Латинская Америка и Карибский бассейн,Карибский бассейн,Ямайка,Monde,Amériques,Amérique latine et Caraïbes,Caraïbes,Jamaïque,Mundo,Américas,América Latina y el Caribe,El Caribe,Jamaica,العالم ,الأمريكتان,أمريكا اللاتينية ومنطقة البحر الكاريبي,منطقة البحر الكاريبي,جامايكا
001,World,019,Americas,419,Latin America and the Caribbean,029,Caribbean,Martinique,474,MQ,MTQ,False,False,False,Developing,世界,美洲,拉丁美洲和加勒比,加勒比,马提尼克,Весь мир,Северная и Южная Америка,Латинская Америка и Карибский бассейн,Карибский бассейн,Мартиника,Monde,Amériques,Amérique latine et Caraïbes,Caraïbes,Martinique,Mundo,Américas,América Latina y el Caribe,El Caribe,Martinica,العالم ,الأمريكتان,أمريكا اللاتينية ومنطقة البحر الكاريبي,منطقة البحر الكاريبي,مارتينيك
001,World,019,Americas,419,Latin America and the Caribbean,029,Caribbean,Montserrat,500,MS,MSR,False,False,True,Developing,世界,美洲,拉丁美洲和加勒比,加勒比,蒙特塞拉特,Весь мир,Северная и Южная Америка,Латинская Америка и Карибский бассейн,Карибский бассейн,Монтсеррат,Monde,Amériques,Amérique latine et Caraïbes,Caraïbes,Montserrat,Mundo,Américas,América Latina y el Caribe,El Caribe,Montserrat,العالم ,الأمريكتان,أمريكا اللاتينية ومنطقة البحر الكاريبي,منطقة البحر الكاريبي,مونتسيرات
001,World,019,Americas,419,Latin America and the Caribbean,029,Caribbean,Puerto Rico,630,PR,PRI,False,False,True,Developing,世界,美洲,拉丁美洲和加勒比,加勒比,波多黎各,Весь мир,Северная и Южная Америка,Латинская Америка и Карибский бассейн,Карибский бассейн,Пуэрто-Рико,Monde,Amériques,Amérique latine et Caraïbes,Caraïbes,Porto Rico,Mundo,Américas,América Latina y el Caribe,El Caribe,Puerto Rico,العالم ,الأمريكتان,أمريكا اللاتينية ومنطقة البحر الكاريبي,منطقة البحر الكاريبي,بورتوريكو
001,World,019,Americas,419,Latin America and the Caribbean,029,Caribbean,Saint Barthélemy,652,BL,BLM,False,False,False,Developing,世界,美洲,拉丁美洲和加勒比,加勒比,圣巴泰勒米,Весь мир,Северная и Южная Америка,Латинская Америка и Карибский бассейн,Карибский бассейн,Сен-Бартелеми,Monde,Amériques,Amérique latine et Caraïbes,Caraïbes,Saint-Barthélemy,Mundo,Américas,América Latina y el Caribe,El Caribe,San Barthélemy,العالم ,الأمريكتان,أمريكا اللاتينية ومنطقة البحر الكاريبي,منطقة البحر الكاريبي,سان بارتليمي
001,World,019,Americas,419,Latin America and the Caribbean,029,Caribbean,Saint Kitts and Nevis,659,KN,KNA,False,False,True,Developing,世界,美洲,拉丁美洲和加勒比,加勒比,圣基茨和尼维斯,Весь мир,Северная и Южная Америка,Латинская Америка и Карибский бассейн,Карибский бассейн,Сент-Китс и Невис,Monde,Amériques,Amérique latine et Caraïbes,Caraïbes,Saint-Kitts-et-Nevis,Mundo,Américas,América Latina y el Caribe,El Caribe,Saint Kitts y Nevis,العالم ,الأمريكتان,أمريكا اللاتينية ومنطقة البحر الكاريبي,منطقة البحر الكاريبي,سانت كيتس ونيفس
001,World,019,Americas,419,Latin America and the Caribbean,029,Caribbean,Saint Lucia,662,LC,LCA,False,False,True,Developing,世界,美洲,拉丁美洲和加勒比,加勒比,圣卢西亚,Весь мир,Северная и Южная Америка,Латинская Америка и Карибский бассейн,Карибский бассейн,Сент-Люсия,Monde,Amériques,Amérique latine et Caraïbes,Caraïbes,Sainte-Lucie,Mundo,Américas,América Latina y el Caribe,El Caribe,Santa Lucía,العالم ,الأمريكتان,أمريكا اللاتينية ومنطقة البحر الكاريبي,منطقة البحر الكاريبي,سانت لوسيا
001,World,019,Americas,419,Latin America and the Caribbean,029,Caribbean,Saint Martin (French Part),663,MF,MAF,False,False,False,Developing,世界,美洲,拉丁美洲和加勒比,加勒比,圣马丁（法属）,Весь мир,Северная и Южная Америка,Латинская Америка и Карибский бассейн,Карибский бассейн,Сен-Мартен (французская часть),Monde,Amériques,Amérique latine et Caraïbes,Caraïbes,Saint-Martin (partie française),Mundo,Américas,América Latina y el Caribe,El Caribe,San Martín (parte francesa),العالم ,الأمريكتان,أمريكا اللاتينية ومنطقة البحر الكاريبي,منطقة البحر الكاريبي,سانت مارتن (الجزء الفرنسي)
001,World,019,Americas,419,Latin America and the Caribbean,029,Caribbean,Saint Vincent and the Grenadines,670,VC,VCT,False,False,True,Developing,世界,美洲,拉丁美洲和加勒比,加勒比,圣文森特和格林纳丁斯,Весь мир,Северная и Южная Америка,Латинская Америка и Карибский бассейн,Карибский бассейн,Сент-Винсент и Гренадины,Monde,Amériques,Amérique latine et Caraïbes,Caraïbes,Saint-Vincent-et-les Grenadines,Mundo,Américas,América Latina y el Caribe,El Caribe,San Vicente y las Granadinas,العالم ,الأمريكتان,أمريكا اللاتينية ومنطقة البحر الكاريبي,منطقة البحر الكاريبي,سانت فنسنت وجزر غرينادين
001,World,019,Americas,419,Latin America and the Caribbean,029,Caribbean,Sint Maarten (Dutch part),534,SX,SXM,False,False,True,Developing,世界,美洲,拉丁美洲和加勒比,加勒比,圣马丁（荷属）,Весь мир,Северная и Южная Америка,Латинская Америка и Карибский бассейн,Карибский бассейн,Синт-Мартен (нидерландская часть),Monde,Amériques,Amérique latine et Caraïbes,Caraïbes,Saint-Martin (partie néerlandaise),Mundo,Américas,América Latina y el Caribe,El Caribe,San Martín (parte Holandesa),العالم ,الأمريكتان,أمريكا اللاتينية ومنطقة البحر الكاريبي,منطقة البحر الكاريبي,سانت مارتن (الجزء الهولندي)
001,World,019,Americas,419,Latin America and the Caribbean,029,Caribbean,Trinidad and Tobago,780,TT,TTO,False,False,True,Developing,世界,美洲,拉丁美洲和加勒比,加勒比,特立尼达和多巴哥,Весь мир,Северная и Южная Америка,Латинская Америка и Карибский бассейн,Карибский бассейн,Тринидад и Тобаго,Monde,Amériques,Amérique latine et Caraïbes,Caraïbes,Trinité-et-Tobago,Mundo,Américas,América Latina y el Caribe,El Caribe,Trinidad y Tabago,العالم ,الأمريكتان,أمريكا اللاتينية ومنطقة البحر الكاريبي,منطقة البحر الكاريبي,ترينيداد وتوباغو
001,World,019,Americas,419,Latin America and the Caribbean,029,Caribbean,Turks and Caicos Islands,796,TC,TCA,False,False,False,Developing,世界,美洲,拉丁美洲和加勒比,加勒比,特克斯和凯科斯群岛,Весь мир,Северная и Южная Америка,Латинская Америка и Карибский бассейн,Карибский бассейн,Острова Теркс и Кайкос,Monde,Amériques,Amérique latine et Caraïbes,Caraïbes,Îles Turques-et-Caïques,Mundo,Américas,América Latina y el Caribe,El Caribe,Islas Turcas y Caicos,العالم ,الأمريكتان,أمريكا اللاتينية ومنطقة البحر الكاريبي,منطقة البحر الكاريبي,جزر تركس وكايكوس
001,World,019,Americas,419,Latin America and the Caribbean,029,Caribbean,United States Virgin Islands,850,VI,VIR,False,False,True,Developing,世界,美洲,拉丁美洲和加勒比,加勒比,美属维尔京群岛,Весь мир,Северная и Южная Америка,Латинская Америка и Карибский бассейн,Карибский бассейн,Виргинские острова Соединенных Штатов,Monde,Amériques,Amérique latine et Caraïbes,Caraïbes,Îles Vierges américaines,Mundo,Américas,América Latina y el Caribe,El Caribe,Islas Vírgenes de los Estados Unidos,العالم ,الأمريكتان,أمريكا اللاتينية ومنطقة البحر الكاريبي,منطقة البحر الكاريبي,جزر فرجن التابعة للولايات المتحدة
001,World,019,Americas,419,Latin America and the Caribbean,013,Central America,Belize,084,BZ,BLZ,False,False,True,Developing,世界,美洲,拉丁美洲和加勒比,中美洲,伯利兹,Весь мир,Северная и Южная Америка,Латинская Америка и Карибский бассейн,Центральная Америка,Белиз,Monde,Amériques,Amérique latine et Caraïbes,Amérique centrale,Belize,Mundo,Américas,América Latina y el Caribe,América central,Belice,العالم ,الأمريكتان,أمريكا اللاتينية ومنطقة البحر الكاريبي,أمريكا الوسطى,بليز
001,World,019,Americas,419,Latin America and the Caribbean,013,Central America,Costa Rica,188,CR,CRI,False,False,False,Developing,世界,美洲,拉丁美洲和加勒比,中美洲,哥斯达黎加,Весь мир,Северная и Южная Америка,Латинская Америка и Карибский бассейн,Центральная Америка,Коста-Рика,Monde,Amériques,Amérique latine et Caraïbes,Amérique centrale,Costa Rica,Mundo,Américas,América Latina y el Caribe,América central,Costa Rica,العالم ,الأمريكتان,أمريكا اللاتينية ومنطقة البحر الكاريبي,أمريكا الوسطى,كوستاريكا
001,World,019,Americas,419,Latin America and the Caribbean,013,Central America,El Salvador,222,SV,SLV,False,False,False,Developing,世界,美洲,拉丁美洲和加勒比,中美洲,萨尔瓦多,Весь мир,Северная и Южная Америка,Латинская Америка и Карибский бассейн,Центральная Америка,Сальвадор,Monde,Amériques,Amérique latine et Caraïbes,Amérique centrale,El Salvador,Mundo,Américas,América Latina y el Caribe,América central,El Salvador,العالم ,الأمريكتان,أمريكا اللاتينية ومنطقة البحر الكاريبي,أمريكا الوسطى,السلفادور
001,World,019,Americas,419,Latin America and the Caribbean,013,Central America,Guatemala,320,GT,GTM,False,False,False,Developing,世界,美洲,拉丁美洲和加勒比,中美洲,危地马拉,Весь мир,Северная и Южная Америка,Латинская Америка и Карибский бассейн,Центральная Америка,Гватемала,Monde,Amériques,Amérique latine et Caraïbes,Amérique centrale,Guatemala,Mundo,Américas,América Latina y el Caribe,América central,Guatemala,العالم ,الأمريكتان,أمريكا اللاتينية ومنطقة البحر الكاريبي,أمريكا الوسطى,غواتيمالا
001,World,019,Americas,419,Latin America and the Caribbean,013,Central America,Honduras,340,HN,HND,False,False,False,Developing,世界,美洲,拉丁美洲和加勒比,中美洲,洪都拉斯,Весь мир,Северная и Южная Америка,Латинская Америка и Карибский бассейн,Центральная Америка,Гондурас,Monde,Amériques,Amérique latine et Caraïbes,Amérique centrale,Honduras,Mundo,Américas,América Latina y el Caribe,América central,Honduras,العالم ,الأمريكتان,أمريكا اللاتينية ومنطقة البحر الكاريبي,أمريكا الوسطى,هندوراس
001,World,019,Americas,419,Latin America and the Caribbean,013,Central America,Mexico,484,MX,MEX,False,False,False,Developing,世界,美洲,拉丁美洲和加勒比,中美洲,墨西哥,Весь мир,Северная и Южная Америка,Латинская Америка и Карибский бассейн,Центральная Америка,Мексика,Monde,Amériques,Amérique latine et Caraïbes,Amérique centrale,Mexique,Mundo,Américas,América Latina y el Caribe,América central,México,العالم ,الأمريكتان,أمريكا اللاتينية ومنطقة البحر الكاريبي,أمريكا الوسطى,المكسيك
001,World,019,Americas,419,Latin America and the Caribbean,013,Central America,Nicaragua,558,NI,NIC,False,False,False,Developing,世界,美洲,拉丁美洲和加勒比,中美洲,尼加拉瓜,Весь мир,Северная и Южная Америка,Латинская Америка и Карибский бассейн,Центральная Америка,Никарагуа,Monde,Amériques,Amérique latine et Caraïbes,Amérique centrale,Nicaragua,Mundo,Américas,América Latina y el Caribe,América central,Nicaragua,العالم ,الأمريكتان,أمريكا اللاتينية ومنطقة البحر الكاريبي,أمريكا الوسطى,نيكاراغوا
001,World,019,Americas,419,Latin America and the Caribbean,013,Central America,Panama,591,PA,PAN,False,False,False,Developing,世界,美洲,拉丁美洲和加勒比,中美洲,巴拿马,Весь мир,Северная и Южная Америка,Латинская Америка и Карибский бассейн,Центральная Америка,Панама,Monde,Amériques,Amérique latine et Caraïbes,Amérique centrale,Panama,Mundo,Américas,América Latina y el Caribe,América central,Panamá,العالم ,الأمريكتان,أمريكا اللاتينية ومنطقة البحر الكاريبي,أمريكا الوسطى,بنما
001,World,019,Americas,419,Latin America and the Caribbean,005,South America,Argentina,032,AR,ARG,False,False,False,Developing,世界,美洲,拉丁美洲和加勒比,南美洲,阿根廷,Весь мир,Северная и Южная Америка,Латинская Америка и Карибский бассейн,Южная Америка,Аргентина,Monde,Amériques,Amérique latine et Caraïbes,Amérique du Sud,Argentine,Mundo,Américas,América Latina y el Caribe,América del Sur,Argentina,العالم ,الأمريكتان,أمريكا اللاتينية ومنطقة البحر الكاريبي,أمريكا الجنوبية,الأرجنتين
001,World,019,Americas,419,Latin America and the Caribbean,005,South America,Bolivia (Plurinational State of),068,BO,BOL,False,True,False,Developing,世界,美洲,拉丁美洲和加勒比,南美洲,多民族玻利维亚国,Весь мир,Северная и Южная Америка,Латинская Америка и Карибский бассейн,Южная Америка,Боливия (Многонациональное Государство),Monde,Amériques,Amérique latine et Caraïbes,Amérique du Sud,Bolivie (État plurinational de),Mundo,Américas,América Latina y el Caribe,América del Sur,Bolivia (Estado Plurinacional de),العالم ,الأمريكتان,أمريكا اللاتينية ومنطقة البحر الكاريبي,أمريكا الجنوبية,بوليفيا (دولة - المتعددة القوميات)
001,World,019,Americas,419,Latin America and the Caribbean,005,South America,Bouvet Island,074,BV,BVT,False,False,False,Developing,世界,美洲,拉丁美洲和加勒比,南美洲,布维岛,Весь мир,Северная и Южная Америка,Латинская Америка и Карибский бассейн,Южная Америка,Остров Буве,Monde,Amériques,Amérique latine et Caraïbes,Amérique du Sud,Île Bouvet,Mundo,Américas,América Latina y el Caribe,América del Sur,Isla Bouvet,العالم ,الأمريكتان,أمريكا اللاتينية ومنطقة البحر الكاريبي,أمريكا الجنوبية,جزيرة بوفيت
001,World,019,Americas,419,Latin America and the Caribbean,005,South America,Brazil,076,BR,BRA,False,False,False,Developing,世界,美洲,拉丁美洲和加勒比,南美洲,巴西,Весь мир,Северная и Южная Америка,Латинская Америка и Карибский бассейн,Южная Америка,Бразилия,Monde,Amériques,Amérique latine et Caraïbes,Amérique du Sud,Brésil,Mundo,Américas,América Latina y el Caribe,América del Sur,Brasil,العالم ,الأمريكتان,أمريكا اللاتينية ومنطقة البحر الكاريبي,أمريكا الجنوبية,البرازيل
001,World,019,Americas,419,Latin America and the Caribbean,005,South America,Chile,152,CL,CHL,False,False,False,Developing,世界,美洲,拉丁美洲和加勒比,南美洲,智利,Весь мир,Северная и Южная Америка,Латинская Америка и Карибский бассейн,Южная Америка,Чили,Monde,Amériques,Amérique latine et Caraïbes,Amérique du Sud,Chili,Mundo,Américas,América Latina y el Caribe,América del Sur,Chile,العالم ,الأمريكتان,أمريكا اللاتينية ومنطقة البحر الكاريبي,أمريكا الجنوبية,شيلي
001,World,019,Americas,419,Latin America and the Caribbean,005,South America,Colombia,170,CO,COL,False,False,False,Developing,世界,美洲,拉丁美洲和加勒比,南美洲,哥伦比亚,Весь мир,Северная и Южная Америка,Латинская Америка и Карибский бассейн,Южная Америка,Колумбия,Monde,Amériques,Amérique latine et Caraïbes,Amérique du Sud,Colombie,Mundo,Américas,América Latina y el Caribe,América del Sur,Colombia,العالم ,الأمريكتان,أمريكا اللاتينية ومنطقة البحر الكاريبي,أمريكا الجنوبية,كولومبيا
001,World,019,Americas,419,Latin America and the Caribbean,005,South America,Ecuador,218,EC,ECU,False,False,False,Developing,世界,美洲,拉丁美洲和加勒比,南美洲,厄瓜多尔,Весь мир,Северная и Южная Америка,Латинская Америка и Карибский бассейн,Южная Америка,Эквадор,Monde,Amériques,Amérique latine et Caraïbes,Amérique du Sud,Équateur,Mundo,Américas,América Latina y el Caribe,América del Sur,Ecuador,العالم ,الأمريكتان,أمريكا اللاتينية ومنطقة البحر الكاريبي,أمريكا الجنوبية,إكوادور
001,World,019,Americas,419,Latin America and the Caribbean,005,South America,Falkland Islands (Malvinas),238,FK,FLK,False,False,False,Developing,世界,美洲,拉丁美洲和加勒比,南美洲,福克兰群岛（马尔维纳斯）,Весь мир,Северная и Южная Америка,Латинская Америка и Карибский бассейн,Южная Америка,Фолклендские (Мальвинские) острова,Monde,Amériques,Amérique latine et Caraïbes,Amérique du Sud,Îles Falkland (Malvinas),Mundo,Américas,América Latina y el Caribe,América del Sur,Islas Malvinas (Falkland),العالم ,الأمريكتان,أمريكا اللاتينية ومنطقة البحر الكاريبي,أمريكا الجنوبية,جزر فوكلاند (مالفيناس)
001,World,019,Americas,419,Latin America and the Caribbean,005,South America,French Guiana,254,GF,GUF,False,False,False,Developing,世界,美洲,拉丁美洲和加勒比,南美洲,法属圭亚那,Весь мир,Северная и Южная Америка,Латинская Америка и Карибский бассейн,Южная Америка,Французская Гвиана,Monde,Amériques,Amérique latine et Caraïbes,Amérique du Sud,Guyane française,Mundo,Américas,América Latina y el Caribe,América del Sur,Guayana Francesa,العالم ,الأمريكتان,أمريكا اللاتينية ومنطقة البحر الكاريبي,أمريكا الجنوبية,غيانا الفرنسية
001,World,019,Americas,419,Latin America and the Caribbean,005,South America,Guyana,328,GY,GUY,False,False,True,Developing,世界,美洲,拉丁美洲和加勒比,南美洲,圭亚那,Весь мир,Северная и Южная Америка,Латинская Америка и Карибский бассейн,Южная Америка,Гайана,Monde,Amériques,Amérique latine et Caraïbes,Amérique du Sud,Guyana,Mundo,Américas,América Latina y el Caribe,América del Sur,Guyana,العالم ,الأمريكتان,أمريكا اللاتينية ومنطقة البحر الكاريبي,أمريكا الجنوبية,غيانا
001,World,019,Americas,419,Latin America and the Caribbean,005,South America,Paraguay,600,PY,PRY,False,True,False,Developing,世界,美洲,拉丁美洲和加勒比,南美洲,巴拉圭,Весь мир,Северная и Южная Америка,Латинская Америка и Карибский бассейн,Южная Америка,Парагвай,Monde,Amériques,Amérique latine et Caraïbes,Amérique du Sud,Paraguay,Mundo,Américas,América Latina y el Caribe,América del Sur,Paraguay,العالم ,الأمريكتان,أمريكا اللاتينية ومنطقة البحر الكاريبي,أمريكا الجنوبية,باراغواي
001,World,019,Americas,419,Latin America and the Caribbean,005,South America,Peru,604,PE,PER,False,False,False,Developing,世界,美洲,拉丁美洲和加勒比,南美洲,秘鲁,Весь мир,Северная и Южная Америка,Латинская Америка и Карибский бассейн,Южная Америка,Перу,Monde,Amériques,Amérique latine et Caraïbes,Amérique du Sud,Pérou,Mundo,Américas,América Latina y el Caribe,América del Sur,Perú,العالم ,الأمريكتان,أمريكا اللاتينية ومنطقة البحر الكاريبي,أمريكا الجنوبية,بيرو
001,World,019,Americas,419,Latin America and the Caribbean,005,South America,South Georgia and the South Sandwich Islands,239,GS,SGS,False,False,False,Developing,世界,美洲,拉丁美洲和加勒比,南美洲,南乔治亚岛和南桑德韦奇岛,Весь мир,Северная и Южная Америка,Латинская Америка и Карибский бассейн,Южная Америка,Южная Джорджия и Южные Сандвичевы острова,Monde,Amériques,Amérique latine et Caraïbes,Amérique du Sud,Géorgie du Sud-et-les Îles Sandwich du Sud,Mundo,Américas,América Latina y el Caribe,América del Sur,Georgia del Sur y las Islas Sandwich del Sur,العالم ,الأمريكتان,أمريكا اللاتينية ومنطقة البحر الكاريبي,أمريكا الجنوبية,جورجيا الجنوبية وجزر ساندويتش الجنوبية
001,World,019,Americas,419,Latin America and the Caribbean,005,South America,Suriname,740,SR,SUR,False,False,True,Developing,世界,美洲,拉丁美洲和加勒比,南美洲,苏里南,Весь мир,Северная и Южная Америка,Латинская Америка и Карибский бассейн,Южная Америка,Суринам,Monde,Amériques,Amérique latine et Caraïbes,Amérique du Sud,Suriname,Mundo,Américas,América Latina y el Caribe,América del Sur,Suriname,العالم ,الأمريكتان,أمريكا اللاتينية ومنطقة البحر الكاريبي,أمريكا الجنوبية,سورينام
001,World,019,Americas,419,Latin America and the Caribbean,005,South America,Uruguay,858,UY,URY,False,False,False,Developing,世界,美洲,拉丁美洲和加勒比,南美洲,乌拉圭,Весь мир,Северная и Южная Америка,Латинская Америка и Карибский бассейн,Южная Америка,Уругвай,Monde,Amériques,Amérique latine et Caraïbes,Amérique du Sud,Uruguay,Mundo,Américas,América Latina y el Caribe,América del Sur,Uruguay,العالم ,الأمريكتان,أمريكا اللاتينية ومنطقة البحر الكاريبي,أمريكا الجنوبية,أوروغواي
001,World,019,Americas,419,Latin America and the Caribbean,005,South America,Venezuela (Bolivarian Republic of),862,VE,VEN,False,False,False,Developing,世界,美洲,拉丁美洲和加勒比,南美洲,委内瑞拉玻利瓦尔共和国,Весь мир,Северная и Южная Америка,Латинская Америка и Карибский бассейн,Южная Америка,Венесуэла (Боливарианская Республика),Monde,Amériques,Amérique latine et Caraïbes,Amérique du Sud,Venezuela (République bolivarienne du),Mundo,Américas,América Latina y el Caribe,América del Sur,Venezuela (República Bolivariana de),العالم ,الأمريكتان,أمريكا اللاتينية ومنطقة البحر الكاريبي,أمريكا الجنوبية,فنزويلا (جمهورية - البوليفارية)
001,World,019,Americas,021,Northern America,,,Bermuda,060,BM,BMU,False,False,False,Developed,世界,美洲,北美,,百慕大,Весь мир,Северная и Южная Америка,Северная Америка,,Бермудские острова,Monde,Amériques,Amérique septentrionale,,Bermudes,Mundo,Américas,América septentrional,,Bermuda,العالم ,الأمريكتان,أمريكا الشمالية,, برمودا
001,World,019,Americas,021,Northern America,,,Canada,124,CA,CAN,False,False,False,Developed,世界,美洲,北美,,加拿大,Весь мир,Северная и Южная Америка,Северная Америка,,Канада,Monde,Amériques,Amérique septentrionale,,Canada,Mundo,Américas,América septentrional,,Canadá,العالم ,الأمريكتان,أمريكا الشمالية,, كندا
001,World,019,Americas,021,Northern America,,,Greenland,304,GL,GRL,False,False,False,Developed,世界,美洲,北美,,格陵兰,Весь мир,Северная и Южная Америка,Северная Америка,,Гренландия,Monde,Amériques,Amérique septentrionale,,Groenland,Mundo,Américas,América septentrional,,Groenlandia,العالم ,الأمريكتان,أمريكا الشمالية,, غرينلند
001,World,019,Americas,021,Northern America,,,Saint Pierre and Miquelon,666,PM,SPM,False,False,False,Developed,世界,美洲,北美,,圣皮埃尔和密克隆,Весь мир,Северная и Южная Америка,Северная Америка,,Сен-Пьер и Микелон,Monde,Amériques,Amérique septentrionale,,Saint-Pierre-et-Miquelon,Mundo,Américas,América septentrional,,San Pedro y Miquelón,العالم ,الأمريكتان,أمريكا الشمالية,, سان بيير وميكلون
001,World,019,Americas,021,Northern America,,,United States of America,840,US,USA,False,False,False,Developed,世界,美洲,北美,,美利坚合众国,Весь мир,Северная и Южная Америка,Северная Америка,,Соединенные Штаты Америки,Monde,Amériques,Amérique septentrionale,,États-Unis d’Amérique,Mundo,Américas,América septentrional,,Estados Unidos de América,العالم ,الأمريكتان,أمريكا الشمالية,, الولايات المتحدة الأمريكية
001,World,,,,,,,Antarctica,010,AQ,ATA,False,False,False,,世界,,,,南极洲,Весь мир,,,,Антарктике,Monde,,,,Antarctique,Mundo,,,,Antártida,العالم ,,,,أنتاركتيكا
001,World,142,Asia,143,Central Asia,,,Kazakhstan,398,KZ,KAZ,False,True,False,Developing,世界,亚洲,中亚,,哈萨克斯坦,Весь мир,Азия,Центральная Азия,,Казахстан,Monde,Asie,Asie centrale,,Kazakhstan,Mundo,Asia,Asia central,,Kazajstán,العالم ,آسيا,آسيا الوسطى,, كازاخستان
001,World,142,Asia,143,Central Asia,,,Kyrgyzstan,417,KG,KGZ,False,True,False,Developing,世界,亚洲,中亚,,吉尔吉斯斯坦,Весь мир,Азия,Центральная Азия,,Кыргызстан,Monde,Asie,Asie centrale,,Kirghizistan,Mundo,Asia,Asia central,,Kirguistán,العالم ,آسيا,آسيا الوسطى,, قيرغيزستان
001,World,142,Asia,143,Central Asia,,,Tajikistan,762,TJ,TJK,False,True,False,Developing,世界,亚洲,中亚,,塔吉克斯坦,Весь мир,Азия,Центральная Азия,,Таджикистан,Monde,Asie,Asie centrale,,Tadjikistan,Mundo,Asia,Asia central,,Tayikistán,العالم ,آسيا,آسيا الوسطى,, طاجيكستان
001,World,142,Asia,143,Central Asia,,,Turkmenistan,795,TM,TKM,False,True,False,Developing,世界,亚洲,中亚,,土库曼斯坦,Весь мир,Азия,Центральная Азия,,Туркменистан,Monde,Asie,Asie centrale,,Turkménistan,Mundo,Asia,Asia central,,Turkmenistán,العالم ,آسيا,آسيا الوسطى,, تركمانستان
001,World,142,Asia,143,Central Asia,,,Uzbekistan,860,UZ,UZB,False,True,False,Developing,世界,亚洲,中亚,,乌兹别克斯坦,Весь мир,Азия,Центральная Азия,,Узбекистан,Monde,Asie,Asie centrale,,Ouzbékistan,Mundo,Asia,Asia central,,Uzbekistán,العالم ,آسيا,آسيا الوسطى,, أوزبكستان
001,World,142,Asia,030,Eastern Asia,,,China,156,CN,CHN,False,False,False,Developing,世界,亚洲,东亚,,中国,Весь мир,Азия,Восточная Азия,,Китай,Monde,Asie,Asie orientale,,Chine,Mundo,Asia,Asia oriental,,China,العالم ,آسيا,شرقي آسيا,, الصين
001,World,142,Asia,030,Eastern Asia,,,"China, Hong Kong Special Administrative Region",344,HK,HKG,False,False,False,Developing,世界,亚洲,东亚,,中国香港特别行政区,Весь мир,Азия,Восточная Азия,,"Китай, Специальный административный район Гонконг",Monde,Asie,Asie orientale,,"Chine, région administrative spéciale de Hong Kong",Mundo,Asia,Asia oriental,,"China, región administrativa especial de Hong Kong",العالم ,آسيا,شرقي آسيا,, الصين، منطقة هونغ كونغ الإدارية الخاصة
001,World,142,Asia,030,Eastern Asia,,,"China, Macao Special Administrative Region",446,MO,MAC,False,False,False,Developing,世界,亚洲,东亚,,中国澳门特别行政区,Весь мир,Азия,Восточная Азия,,"Китай, Специальный административный район Макао",Monde,Asie,Asie orientale,,"Chine, région administrative spéciale de Macao",Mundo,Asia,Asia oriental,,"China, región administrativa especial de Macao",العالم ,آسيا,شرقي آسيا,, الصين، منطقة ماكاو الإدارية الخاصة
001,World,142,Asia,030,Eastern Asia,,,Democratic People's Republic of Korea,408,KP,PRK,False,False,False,Developing,世界,亚洲,东亚,,朝鲜民主主义人民共和国,Весь мир,Азия,Восточная Азия,,Корейская Народно-Демократическая Республика,Monde,Asie,Asie orientale,,République populaire démocratique de Corée,Mundo,Asia,Asia oriental,,República Popular Democrática de Corea,العالم ,آسيا,شرقي آسيا,, جمهورية كوريا الشعبية الديمقراطية
001,World,142,Asia,030,Eastern Asia,,,Japan,392,JP,JPN,False,False,False,Developed,世界,亚洲,东亚,,日本,Весь мир,Азия,Восточная Азия,,Япония,Monde,Asie,Asie orientale,,Japon,Mundo,Asia,Asia oriental,,Japón,العالم ,آسيا,شرقي آسيا,, اليابان
001,World,142,Asia,030,Eastern Asia,,,Mongolia,496,MN,MNG,False,True,False,Developing,世界,亚洲,东亚,,蒙古,Весь мир,Азия,Восточная Азия,,Монголия,Monde,Asie,Asie orientale,,Mongolie,Mundo,Asia,Asia oriental,,Mongolia,العالم ,آسيا,شرقي آسيا,, منغوليا
001,World,142,Asia,030,Eastern Asia,,,Republic of Korea,410,KR,KOR,False,False,False,Developing,世界,亚洲,东亚,,大韩民国,Весь мир,Азия,Восточная Азия,,Республика Корея,Monde,Asie,Asie orientale,,République de Corée,Mundo,Asia,Asia oriental,,República de Corea,العالم ,آسيا,شرقي آسيا,, جمهورية كوريا
001,World,142,Asia,035,South-eastern Asia,,,Brunei Darussalam,096,BN,BRN,False,False,False,Developing,世界,亚洲,东南亚,,文莱达鲁萨兰国,Весь мир,Азия,Юго-Восточная Азия,,Бруней-Даруссалам,Monde,Asie,Asie du Sud-Est,,Brunéi Darussalam,Mundo,Asia,Asia sudoriental,,Brunei Darussalam,العالم ,آسيا,جنوب شرقي آسيا,, بروني دار السلام
001,World,142,Asia,035,South-eastern Asia,,,Cambodia,116,KH,KHM,True,False,False,Developing,世界,亚洲,东南亚,,柬埔寨,Весь мир,Азия,Юго-Восточная Азия,,Камбоджа,Monde,Asie,Asie du Sud-Est,,Cambodge,Mundo,Asia,Asia sudoriental,,Camboya,العالم ,آسيا,جنوب شرقي آسيا,, كمبوديا
001,World,142,Asia,035,South-eastern Asia,,,Indonesia,360,ID,IDN,False,False,False,Developing,世界,亚洲,东南亚,,印度尼西亚,Весь мир,Азия,Юго-Восточная Азия,,Индонезия,Monde,Asie,Asie du Sud-Est,,Indonésie,Mundo,Asia,Asia sudoriental,,Indonesia,العالم ,آسيا,جنوب شرقي آسيا,, إندونيسيا
001,World,142,Asia,035,South-eastern Asia,,,Lao People's Democratic Republic,418,LA,LAO,True,True,False,Developing,世界,亚洲,东南亚,,老挝人民民主共和国,Весь мир,Азия,Юго-Восточная Азия,,Лаосская Народно-Демократическая Республика,Monde,Asie,Asie du Sud-Est,,République démocratique populaire lao,Mundo,Asia,Asia sudoriental,,República Democrática Popular Lao,العالم ,آسيا,جنوب شرقي آسيا,, جمهورية لاو الديمقراطية الشعبية
001,World,142,Asia,035,South-eastern Asia,,,Malaysia,458,MY,MYS,False,False,False,Developing,世界,亚洲,东南亚,,马来西亚,Весь мир,Азия,Юго-Восточная Азия,,Малайзия,Monde,Asie,Asie du Sud-Est,,Malaisie,Mundo,Asia,Asia sudoriental,,Malasia,العالم ,آسيا,جنوب شرقي آسيا,, ماليزيا
001,World,142,Asia,035,South-eastern Asia,,,Myanmar,104,MM,MMR,True,False,False,Developing,世界,亚洲,东南亚,,缅甸,Весь мир,Азия,Юго-Восточная Азия,,Мьянма,Monde,Asie,Asie du Sud-Est,,Myanmar,Mundo,Asia,Asia sudoriental,,Myanmar,العالم ,آسيا,جنوب شرقي آسيا,, ميانمار
001,World,142,Asia,035,South-eastern Asia,,,Philippines,608,PH,PHL,False,False,False,Developing,世界,亚洲,东南亚,,菲律宾,Весь мир,Азия,Юго-Восточная Азия,,Филиппины,Monde,Asie,Asie du Sud-Est,,Philippines,Mundo,Asia,Asia sudoriental,,Filipinas,العالم ,آسيا,جنوب شرقي آسيا,, الفلبين
001,World,142,Asia,035,South-eastern Asia,,,Singapore,702,SG,SGP,False,False,True,Developing,世界,亚洲,东南亚,,新加坡,Весь мир,Азия,Юго-Восточная Азия,,Сингапур,Monde,Asie,Asie du Sud-Est,,Singapour,Mundo,Asia,Asia sudoriental,,Singapur,العالم ,آسيا,جنوب شرقي آسيا,, سنغافورة
001,World,142,Asia,035,South-eastern Asia,,,Thailand,764,TH,THA,False,False,False,Developing,世界,亚洲,东南亚,,泰国,Весь мир,Азия,Юго-Восточная Азия,,Таиланд,Monde,Asie,Asie du Sud-Est,,Thaïlande,Mundo,Asia,Asia sudoriental,,Tailandia,العالم ,آسيا,جنوب شرقي آسيا,, تايلند
001,World,142,Asia,035,South-eastern Asia,,,Timor-Leste,626,TL,TLS,True,False,True,Developing,世界,亚洲,东南亚,,东帝汶,Весь мир,Азия,Юго-Восточная Азия,,Тимор-Лешти,Monde,Asie,Asie du Sud-Est,,Timor-Leste,Mundo,Asia,Asia sudoriental,,Timor-Leste,العالم ,آسيا,جنوب شرقي آسيا,, تيمور - ليشتي
001,World,142,Asia,035,South-eastern Asia,,,Viet Nam,704,VN,VNM,False,False,False,Developing,世界,亚洲,东南亚,,越南,Весь мир,Азия,Юго-Восточная Азия,,Вьетнам,Monde,Asie,Asie du Sud-Est,,Viet Nam,Mundo,Asia,Asia sudoriental,,Viet Nam,العالم ,آسيا,جنوب شرقي آسيا,, فييت نام
001,World,142,Asia,034,Southern Asia,,,Afghanistan,004,AF,AFG,True,True,False,Developing,世界,亚洲,南亚,,阿富汗,Весь мир,Азия,Южная Азия,,Афганистан,Monde,Asie,Asie méridionale,,Afghanistan,Mundo,Asia,Asia meridional,,Afganistán,العالم ,آسيا,جنوب آسيا,, أفغانستان
001,World,142,Asia,034,Southern Asia,,,Bangladesh,050,BD,BGD,True,False,False,Developing,世界,亚洲,南亚,,孟加拉国,Весь мир,Азия,Южная Азия,,Бангладеш,Monde,Asie,Asie méridionale,,Bangladesh,Mundo,Asia,Asia meridional,,Bangladesh,العالم ,آسيا,جنوب آسيا,, بنغلاديش
001,World,142,Asia,034,Southern Asia,,,Bhutan,064,BT,BTN,True,True,False,Developing,世界,亚洲,南亚,,不丹,Весь мир,Азия,Южная Азия,,Бутан,Monde,Asie,Asie méridionale,,Bhoutan,Mundo,Asia,Asia meridional,,Bhután,العالم ,آسيا,جنوب آسيا,, بوتان
001,World,142,Asia,034,Southern Asia,,,India,356,IN,IND,False,False,False,Developing,世界,亚洲,南亚,,印度,Весь мир,Азия,Южная Азия,,Индия,Monde,Asie,Asie méridionale,,Inde,Mundo,Asia,Asia meridional,,India,العالم ,آسيا,جنوب آسيا,, الهند
001,World,142,Asia,034,Southern Asia,,,Iran (Islamic Republic of),364,IR,IRN,False,False,False,Developing,世界,亚洲,南亚,,伊朗伊斯兰共和国,Весь мир,Азия,Южная Азия,,Иран (Исламская Республика),Monde,Asie,Asie méridionale,,Iran (République islamique d’),Mundo,Asia,Asia meridional,,Irán (República Islámica del),العالم ,آسيا,جنوب آسيا,, إيران (جمهورية - الإسلامية)
001,World,142,Asia,034,Southern Asia,,,Maldives,462,MV,MDV,False,False,True,Developing,世界,亚洲,南亚,,马尔代夫,Весь мир,Азия,Южная Азия,,Мальдивские Острова,Monde,Asie,Asie méridionale,,Maldives,Mundo,Asia,Asia meridional,,Maldivas,العالم ,آسيا,جنوب آسيا,, ملديف
001,World,142,Asia,034,Southern Asia,,,Nepal,524,NP,NPL,True,True,False,Developing,世界,亚洲,南亚,,尼泊尔,Весь мир,Азия,Южная Азия,,Непал,Monde,Asie,Asie méridionale,,Népal,Mundo,Asia,Asia meridional,,Nepal,العالم ,آسيا,جنوب آسيا,, نيبال
001,World,142,Asia,034,Southern Asia,,,Pakistan,586,PK,PAK,False,False,False,Developing,世界,亚洲,南亚,,巴基斯坦,Весь мир,Азия,Южная Азия,,Пакистан,Monde,Asie,Asie méridionale,,Pakistan,Mundo,Asia,Asia meridional,,Pakistán,العالم ,آسيا,جنوب آسيا,, باكستان
001,World,142,Asia,034,Southern Asia,,,Sri Lanka,144,LK,LKA,False,False,False,Developing,世界,亚洲,南亚,,斯里兰卡,Весь мир,Азия,Южная Азия,,Шри-Ланка,Monde,Asie,Asie méridionale,,Sri Lanka,Mundo,Asia,Asia meridional,,Sri Lanka,العالم ,آسيا,جنوب آسيا,, سري لانكا
001,World,142,Asia,145,Western Asia,,,Armenia,051,AM,ARM,False,True,False,Developing,世界,亚洲,西亚,,亚美尼亚,Весь мир,Азия,Западная Азия,,Армения,Monde,Asie,Asie occidentale,,Arménie,Mundo,Asia,Asia occidental,,Armenia,العالم ,آسيا,غربي آسيا,, أرمينيا
001,World,142,Asia,145,Western Asia,,,Azerbaijan,031,AZ,AZE,False,True,False,Developing,世界,亚洲,西亚,,阿塞拜疆,Весь мир,Азия,Западная Азия,,Азербайджан,Monde,Asie,Asie occidentale,,Azerbaïdjan,Mundo,Asia,Asia occidental,,Azerbaiyán,العالم ,آسيا,غربي آسيا,, أذربيجان
001,World,142,Asia,145,Western Asia,,,Bahrain,048,BH,BHR,False,False,False,Developing,世界,亚洲,西亚,,巴林,Весь мир,Азия,Западная Азия,,Бахрейн,Monde,Asie,Asie occidentale,,Bahreïn,Mundo,Asia,Asia occidental,,Bahrein,العالم ,آسيا,غربي آسيا,, البحرين
001,World,142,Asia,145,Western Asia,,,Cyprus,196,CY,CYP,False,False,False,Developed,世界,亚洲,西亚,,塞浦路斯,Весь мир,Азия,Западная Азия,,Кипр,Monde,Asie,Asie occidentale,,Chypre,Mundo,Asia,Asia occidental,,Chipre,العالم ,آسيا,غربي آسيا,, قبرص
001,World,142,Asia,145,Western Asia,,,Georgia,268,GE,GEO,False,False,False,Developing,世界,亚洲,西亚,,格鲁吉亚,Весь мир,Азия,Западная Азия,,Грузия,Monde,Asie,Asie occidentale,,Géorgie,Mundo,Asia,Asia occidental,,Georgia,العالم ,آسيا,غربي آسيا,, جورجيا
001,World,142,Asia,145,Western Asia,,,Iraq,368,IQ,IRQ,False,False,False,Developing,世界,亚洲,西亚,,伊拉克,Весь мир,Азия,Западная Азия,,Ирак,Monde,Asie,Asie occidentale,,Iraq,Mundo,Asia,Asia occidental,,Iraq,العالم ,آسيا,غربي آسيا,, العراق
001,World,142,Asia,145,Western Asia,,,Israel,376,IL,ISR,False,False,False,Developed,世界,亚洲,西亚,,以色列,Весь мир,Азия,Западная Азия,,Израиль,Monde,Asie,Asie occidentale,,Israël,Mundo,Asia,Asia occidental,,Israel,العالم ,آسيا,غربي آسيا,, إسرائيل
001,World,142,Asia,145,Western Asia,,,Jordan,400,JO,JOR,False,False,False,Developing,世界,亚洲,西亚,,约旦,Весь мир,Азия,Западная Азия,,Иордания,Monde,Asie,Asie occidentale,,Jordanie,Mundo,Asia,Asia occidental,,Jordania,العالم ,آسيا,غربي آسيا,, الأردن
001,World,142,Asia,145,Western Asia,,,Kuwait,414,KW,KWT,False,False,False,Developing,世界,亚洲,西亚,,科威特,Весь мир,Азия,Западная Азия,,Кувейт,Monde,Asie,Asie occidentale,,Koweït,Mundo,Asia,Asia occidental,,Kuwait,العالم ,آسيا,غربي آسيا,, الكويت
001,World,142,Asia,145,Western Asia,,,Lebanon,422,LB,LBN,False,False,False,Developing,世界,亚洲,西亚,,黎巴嫩,Весь мир,Азия,Западная Азия,,Ливан,Monde,Asie,Asie occidentale,,Liban,Mundo,Asia,Asia occidental,,Líbano,العالم ,آسيا,غربي آسيا,, لبنان
001,World,142,Asia,145,Western Asia,,,Oman,512,OM,OMN,False,False,False,Developing,世界,亚洲,西亚,,阿曼,Весь мир,Азия,Западная Азия,,Оман,Monde,Asie,Asie occidentale,,Oman,Mundo,Asia,Asia occidental,,Omán,العالم ,آسيا,غربي آسيا,, عمان
001,World,142,Asia,145,Western Asia,,,Qatar,634,QA,QAT,False,False,False,Developing,世界,亚洲,西亚,,卡塔尔,Весь мир,Азия,Западная Азия,,Катар,Monde,Asie,Asie occidentale,,Qatar,Mundo,Asia,Asia occidental,,Qatar,العالم ,آسيا,غربي آسيا,, قطر
001,World,142,Asia,145,Western Asia,,,Saudi Arabia,682,SA,SAU,False,False,False,Developing,世界,亚洲,西亚,,沙特阿拉伯,Весь мир,Азия,Западная Азия,,Саудовская Аравия,Monde,Asie,Asie occidentale,,Arabie saoudite,Mundo,Asia,Asia occidental,,Arabia Saudita,العالم ,آسيا,غربي آسيا,, المملكة العربية السعودية
001,World,142,Asia,145,Western Asia,,,State of Palestine,275,PS,PSE,False,False,False,Developing,世界,亚洲,西亚,,巴勒斯坦国,Весь мир,Азия,Западная Азия,,Государство Палестина,Monde,Asie,Asie occidentale,,État de Palestine,Mundo,Asia,Asia occidental,,Estado de Palestina,العالم ,آسيا,غربي آسيا,, دولة فلسطين
001,World,142,Asia,145,Western Asia,,,Syrian Arab Republic,760,SY,SYR,False,False,False,Developing,世界,亚洲,西亚,,阿拉伯叙利亚共和国,Весь мир,Азия,Западная Азия,,Сирийская Арабская Республика,Monde,Asie,Asie occidentale,,République arabe syrienne,Mundo,Asia,Asia occidental,,República Árabe Siria,العالم ,آسيا,غربي آسيا,, الجمهورية العربية السورية
001,World,142,Asia,145,Western Asia,,,Turkey,792,TR,TUR,False,False,False,Developing,世界,亚洲,西亚,,土耳其,Весь мир,Азия,Западная Азия,,Турция,Monde,Asie,Asie occidentale,,Turquie,Mundo,Asia,Asia occidental,,Turquía,العالم ,آسيا,غربي آسيا,, تركيا
001,World,142,Asia,145,Western Asia,,,United Arab Emirates,784,AE,ARE,False,False,False,Developing,世界,亚洲,西亚,,阿拉伯联合酋长国,Весь мир,Азия,Западная Азия,,Объединенные Арабские Эмираты,Monde,Asie,Asie occidentale,,Émirats arabes unis,Mundo,Asia,Asia occidental,,Emiratos Árabes Unidos,العالم ,آسيا,غربي آسيا,, الإمارات العربية المتحدة
001,World,142,Asia,145,Western Asia,,,Yemen,887,YE,YEM,True,False,False,Developing,世界,亚洲,西亚,,也门,Весь мир,Азия,Западная Азия,,Йемен,Monde,Asie,Asie occidentale,,Yémen,Mundo,Asia,Asia occidental,,Yemen,العالم ,آسيا,غربي آسيا,, اليمن
001,World,150,Europe,151,Eastern Europe,,,Belarus,112,BY,BLR,False,False,False,Developed,世界,欧洲,东欧,,白俄罗斯,Весь мир,Европа,Восточная Европа,,Беларусь,Monde,Europe,Europe orientale,,Bélarus,Mundo,Europa,Europa oriental,,Belarús,العالم ,أوروبا,أوروبا الشرقية,, بيلاروس
001,World,150,Europe,151,Eastern Europe,,,Bulgaria,100,BG,BGR,False,False,False,Developed,世界,欧洲,东欧,,保加利亚,Весь мир,Европа,Восточная Европа,,Болгария,Monde,Europe,Europe orientale,,Bulgarie,Mundo,Europa,Europa oriental,,Bulgaria,العالم ,أوروبا,أوروبا الشرقية,, بلغاريا
001,World,150,Europe,151,Eastern Europe,,,Czechia,203,CZ,CZE,False,False,False,Developed,世界,欧洲,东欧,,捷克,Весь мир,Европа,Восточная Европа,,Чехия,Monde,Europe,Europe orientale,,Tchéquie,Mundo,Europa,Europa oriental,,Chequia,العالم ,أوروبا,أوروبا الشرقية,, تشيكيا
001,World,150,Europe,151,Eastern Europe,,,Hungary,348,HU,HUN,False,False,False,Developed,世界,欧洲,东欧,,匈牙利,Весь мир,Европа,Восточная Европа,,Венгрия,Monde,Europe,Europe orientale,,Hongrie,Mundo,Europa,Europa oriental,,Hungría,العالم ,أوروبا,أوروبا الشرقية,, هنغاريا
001,World,150,Europe,151,Eastern Europe,,,Poland,616,PL,POL,False,False,False,Developed,世界,欧洲,东欧,,波兰,Весь мир,Европа,Восточная Европа,,Польша,Monde,Europe,Europe orientale,,Pologne,Mundo,Europa,Europa oriental,,Polonia,العالم ,أوروبا,أوروبا الشرقية,, بولندا
001,World,150,Europe,151,Eastern Europe,,,Republic of Moldova,498,MD,MDA,False,True,False,Developed,世界,欧洲,东欧,,摩尔多瓦共和国,Весь мир,Европа,Восточная Европа,,Республика Молдова,Monde,Europe,Europe orientale,,République de Moldova,Mundo,Europa,Europa oriental,,República de Moldova,العالم ,أوروبا,أوروبا الشرقية,, جمهورية مولدوفا
001,World,150,Europe,151,Eastern Europe,,,Romania,642,RO,ROU,False,False,False,Developed,世界,欧洲,东欧,,罗马尼亚,Весь мир,Европа,Восточная Европа,,Румыния,Monde,Europe,Europe orientale,,Roumanie,Mundo,Europa,Europa oriental,,Rumania,العالم ,أوروبا,أوروبا الشرقية,, رومانيا
001,World,150,Europe,151,Eastern Europe,,,Russian Federation,643,RU,RUS,False,False,False,Developed,世界,欧洲,东欧,,俄罗斯联邦,Весь мир,Европа,Восточная Европа,,Российская Федерация,Monde,Europe,Europe orientale,,Fédération de Russie,Mundo,Europa,Europa oriental,,Federación de Rusia,العالم ,أوروبا,أوروبا الشرقية,, الاتحاد الروسي
001,World,150,Europe,151,Eastern Europe,,,Slovakia,703,SK,SVK,False,False,False,Developed,世界,欧洲,东欧,,斯洛伐克,Весь мир,Европа,Восточная Европа,,Словакия,Monde,Europe,Europe orientale,,Slovaquie,Mundo,Europa,Europa oriental,,Eslovaquia,العالم ,أوروبا,أوروبا الشرقية,, سلوفاكيا
001,World,150,Europe,151,Eastern Europe,,,Ukraine,804,UA,UKR,False,False,False,Developed,世界,欧洲,东欧,,乌克兰,Весь мир,Европа,Восточная Европа,,Украина,Monde,Europe,Europe orientale,,Ukraine,Mundo,Europa,Europa oriental,,Ucrania,العالم ,أوروبا,أوروبا الشرقية,, أوكرانيا
001,World,150,Europe,154,Northern Europe,,,Åland Islands,248,AX,ALA,False,False,False,Developed,世界,欧洲,北欧,,奥兰群岛,Весь мир,Европа,Северная Европа,,Аландских островов,Monde,Europe,Europe septentrionale,,Îles d’Åland,Mundo,Europa,Europa septentrional,,Islas Åland,العالم ,أوروبا,أوروبا الشمالية,, جزر ألاند
001,World,150,Europe,154,Northern Europe,830,Channel Islands,Guernsey,831,GG,GGY,False,False,False,Developed,世界,欧洲,北欧,海峡群岛,格恩西,Весь мир,Европа,Северная Европа,Нормандские острова,Гернси,Monde,Europe,Europe septentrionale,Îles Anglo-Normandes,Guernesey,Mundo,Europa,Europa septentrional,Islas Anglonormandas,Guernsey,العالم ,أوروبا,أوروبا الشمالية,جزر تشانل,غيرنسي
001,World,150,Europe,154,Northern Europe,830,Channel Islands,Jersey,832,JE,JEY,False,False,False,Developed,世界,欧洲,北欧,海峡群岛,泽西,Весь мир,Европа,Северная Европа,Нормандские острова,Джерси,Monde,Europe,Europe septentrionale,Îles Anglo-Normandes,Jersey,Mundo,Europa,Europa septentrional,Islas Anglonormandas,Jersey,العالم ,أوروبا,أوروبا الشمالية,جزر تشانل,جيرسي
001,World,150,Europe,154,Northern Europe,830,Channel Islands,Sark,680,,,False,False,False,Developed,世界,欧洲,北欧,海峡群岛,萨克,Весь мир,Европа,Северная Европа,Нормандские острова,Сарк,Monde,Europe,Europe septentrionale,Îles Anglo-Normandes,Sercq,Mundo,Europa,Europa septentrional,Islas Anglonormandas,Sark,العالم ,أوروبا,أوروبا الشمالية,جزر تشانل,سارك
001,World,150,Europe,154,Northern Europe,,,Denmark,208,DK,DNK,False,False,False,Developed,世界,欧洲,北欧,,丹麦,Весь мир,Европа,Северная Европа,,Дания,Monde,Europe,Europe septentrionale,,Danemark,Mundo,Europa,Europa septentrional,,Dinamarca,العالم ,أوروبا,أوروبا الشمالية,, الدانمرك
001,World,150,Europe,154,Northern Europe,,,Estonia,233,EE,EST,False,False,False,Developed,世界,欧洲,北欧,,爱沙尼亚,Весь мир,Европа,Северная Европа,,Эстония,Monde,Europe,Europe septentrionale,,Estonie,Mundo,Europa,Europa septentrional,,Estonia,العالم ,أوروبا,أوروبا الشمالية,, إستونيا
001,World,150,Europe,154,Northern Europe,,,Faroe Islands,234,FO,FRO,False,False,False,Developed,世界,欧洲,北欧,,法罗群岛,Весь мир,Европа,Северная Европа,,Фарерские острова,Monde,Europe,Europe septentrionale,,Îles Féroé,Mundo,Europa,Europa septentrional,,Islas Feroe,العالم ,أوروبا,أوروبا الشمالية,, جزر فايرو
001,World,150,Europe,154,Northern Europe,,,Finland,246,FI,FIN,False,False,False,Developed,世界,欧洲,北欧,,芬兰,Весь мир,Европа,Северная Европа,,Финляндия,Monde,Europe,Europe septentrionale,,Finlande,Mundo,Europa,Europa septentrional,,Finlandia,العالم ,أوروبا,أوروبا الشمالية,, فنلندا
001,World,150,Europe,154,Northern Europe,,,Iceland,352,IS,ISL,False,False,False,Developed,世界,欧洲,北欧,,冰岛,Весь мир,Европа,Северная Европа,,Исландия,Monde,Europe,Europe septentrionale,,Islande,Mundo,Europa,Europa septentrional,,Islandia,العالم ,أوروبا,أوروبا الشمالية,, آيسلندا
001,World,150,Europe,154,Northern Europe,,,Ireland,372,IE,IRL,False,False,False,Developed,世界,欧洲,北欧,,爱尔兰,Весь мир,Европа,Северная Европа,,Ирландия,Monde,Europe,Europe septentrionale,,Irlande,Mundo,Europa,Europa septentrional,,Irlanda,العالم ,أوروبا,أوروبا الشمالية,, آيرلندا
001,World,150,Europe,154,Northern Europe,,,Isle of Man,833,IM,IMN,False,False,False,Developed,世界,欧洲,北欧,,马恩岛,Весь мир,Европа,Северная Европа,,Остров Мэн,Monde,Europe,Europe septentrionale,,Île de Man,Mundo,Europa,Europa septentrional,,Isla de Man,العالم ,أوروبا,أوروبا الشمالية,, جزيرة مان
001,World,150,Europe,154,Northern Europe,,,Latvia,428,LV,LVA,False,False,False,Developed,世界,欧洲,北欧,,拉脱维亚,Весь мир,Европа,Северная Европа,,Латвия,Monde,Europe,Europe septentrionale,,Lettonie,Mundo,Europa,Europa septentrional,,Letonia,العالم ,أوروبا,أوروبا الشمالية,, لاتفيا
001,World,150,Europe,154,Northern Europe,,,Lithuania,440,LT,LTU,False,False,False,Developed,世界,欧洲,北欧,,立陶宛,Весь мир,Европа,Северная Европа,,Литва,Monde,Europe,Europe septentrionale,,Lituanie,Mundo,Europa,Europa septentrional,,Lituania,العالم ,أوروبا,أوروبا الشمالية,, ليتوانيا
001,World,150,Europe,154,Northern Europe,,,Norway,578,NO,NOR,False,False,False,Developed,世界,欧洲,北欧,,挪威,Весь мир,Европа,Северная Европа,,Норвегия,Monde,Europe,Europe septentrionale,,Norvège,Mundo,Europa,Europa septentrional,,Noruega,العالم ,أوروبا,أوروبا الشمالية,, النرويج
001,World,150,Europe,154,Northern Europe,,,Svalbard and Jan Mayen Islands,744,SJ,SJM,False,False,False,Developed,世界,欧洲,北欧,,斯瓦尔巴群岛和扬马延岛,Весь мир,Европа,Северная Европа,,Острова Свальбард и Ян-Майен,Monde,Europe,Europe septentrionale,,Îles Svalbard-et-Jan Mayen,Mundo,Europa,Europa septentrional,,Islas Svalbard y Jan Mayen,العالم ,أوروبا,أوروبا الشمالية,, جزيرتي سفالبارد وجان مايِن
001,World,150,Europe,154,Northern Europe,,,Sweden,752,SE,SWE,False,False,False,Developed,世界,欧洲,北欧,,瑞典,Весь мир,Европа,Северная Европа,,Швеция,Monde,Europe,Europe septentrionale,,Suède,Mundo,Europa,Europa septentrional,,Suecia,العالم ,أوروبا,أوروبا الشمالية,, السويد
001,World,150,Europe,154,Northern Europe,,,United Kingdom of Great Britain and Northern Ireland,826,GB,GBR,False,False,False,Developed,世界,欧洲,北欧,,大不列颠及北爱尔兰联合王国,Весь мир,Европа,Северная Европа,,Соединенное Королевство Великобритании и Северной Ирландии,Monde,Europe,Europe septentrionale,,Royaume-Uni de Grande-Bretagne et d’Irlande du Nord,Mundo,Europa,Europa septentrional,,Reino Unido de Gran Bretaña e Irlanda del Norte,العالم ,أوروبا,أوروبا الشمالية,, المملكة المتحدة لبريطانيا العظمى وآيرلندا الشمالية
001,World,150,Europe,039,Southern Europe,,,Albania,008,AL,ALB,False,False,False,Developed,世界,欧洲,南欧,,阿尔巴尼亚,Весь мир,Европа,Южная Европа,,Албания,Monde,Europe,Europe méridionale,,Albanie,Mundo,Europa,Europa meridional,,Albania,العالم ,أوروبا,أوروبا الجنوبية,, ألبانيا
001,World,150,Europe,039,Southern Europe,,,Andorra,020,AD,AND,False,False,False,Developed,世界,欧洲,南欧,,安道尔,Весь мир,Европа,Южная Европа,,Андорра,Monde,Europe,Europe méridionale,,Andorre,Mundo,Europa,Europa meridional,,Andorra,العالم ,أوروبا,أوروبا الجنوبية,, أندورا
001,World,150,Europe,039,Southern Europe,,,Bosnia and Herzegovina,070,BA,BIH,False,False,False,Developed,世界,欧洲,南欧,,波斯尼亚和黑塞哥维那,Весь мир,Европа,Южная Европа,,Босния и Герцеговина,Monde,Europe,Europe méridionale,,Bosnie-Herzégovine,Mundo,Europa,Europa meridional,,Bosnia y Herzegovina,العالم ,أوروبا,أوروبا الجنوبية,, البوسنة والهرسك
001,World,150,Europe,039,Southern Europe,,,Croatia,191,HR,HRV,False,False,False,Developed,世界,欧洲,南欧,,克罗地亚,Весь мир,Европа,Южная Европа,,Хорватия,Monde,Europe,Europe méridionale,,Croatie,Mundo,Europa,Europa meridional,,Croacia,العالم ,أوروبا,أوروبا الجنوبية,, كرواتيا
001,World,150,Europe,039,Southern Europe,,,Gibraltar,292,GI,GIB,False,False,False,Developed,世界,欧洲,南欧,,直布罗陀,Весь мир,Европа,Южная Европа,,Гибралтар,Monde,Europe,Europe méridionale,,Gibraltar,Mundo,Europa,Europa meridional,,Gibraltar,العالم ,أوروبا,أوروبا الجنوبية,, جبل طارق
001,World,150,Europe,039,Southern Europe,,,Greece,300,GR,GRC,False,False,False,Developed,世界,欧洲,南欧,,希腊,Весь мир,Европа,Южная Европа,,Греция,Monde,Europe,Europe méridionale,,Grèce,Mundo,Europa,Europa meridional,,Grecia,العالم ,أوروبا,أوروبا الجنوبية,, اليونان
001,World,150,Europe,039,Southern Europe,,,Holy See,336,VA,VAT,False,False,False,Developed,世界,欧洲,南欧,,教廷,Весь мир,Европа,Южная Европа,,Святой Престол,Monde,Europe,Europe méridionale,,Saint-Siège,Mundo,Europa,Europa meridional,,Santa Sede,العالم ,أوروبا,أوروبا الجنوبية,, الكرسي الرسولي
001,World,150,Europe,039,Southern Europe,,,Italy,380,IT,ITA,False,False,False,Developed,世界,欧洲,南欧,,意大利,Весь мир,Европа,Южная Европа,,Италия,Monde,Europe,Europe méridionale,,Italie,Mundo,Europa,Europa meridional,,Italia,العالم ,أوروبا,أوروبا الجنوبية,, إيطاليا
001,World,150,Europe,039,Southern Europe,,,Malta,470,MT,MLT,False,False,False,Developed,世界,欧洲,南欧,,马耳他,Весь мир,Европа,Южная Европа,,Мальта,Monde,Europe,Europe méridionale,,Malte,Mundo,Europa,Europa meridional,,Malta,العالم ,أوروبا,أوروبا الجنوبية,, مالطة
001,World,150,Europe,039,Southern Europe,,,Montenegro,499,ME,MNE,False,False,False,Developed,世界,欧洲,南欧,,黑山,Весь мир,Европа,Южная Европа,,Черногория,Monde,Europe,Europe méridionale,,Monténégro,Mundo,Europa,Europa meridional,,Montenegro,العالم ,أوروبا,أوروبا الجنوبية,, الجبل الأسود
001,World,150,Europe,039,Southern Europe,,,North Macedonia,807,MK,MKD,False,True,False,Developed,世界,欧洲,南欧,,北马其顿,Весь мир,Европа,Южная Европа,,Северная Македония,Monde,Europe,Europe méridionale,,Macédoine du Nord,Mundo,Europa,Europa meridional,,Macedonia del Norte,العالم ,أوروبا,أوروبا الجنوبية,, مقدونيا الشمالية
001,World,150,Europe,039,Southern Europe,,,Portugal,620,PT,PRT,False,False,False,Developed,世界,欧洲,南欧,,葡萄牙,Весь мир,Европа,Южная Европа,,Португалия,Monde,Europe,Europe méridionale,,Portugal,Mundo,Europa,Europa meridional,,Portugal,العالم ,أوروبا,أوروبا الجنوبية,, البرتغال
001,World,150,Europe,039,Southern Europe,,,San Marino,674,SM,SMR,False,False,False,Developed,世界,欧洲,南欧,,圣马力诺,Весь мир,Европа,Южная Европа,,Сан-Марино,Monde,Europe,Europe méridionale,,Saint-Marin,Mundo,Europa,Europa meridional,,San Marino,العالم ,أوروبا,أوروبا الجنوبية,, سان مارينو
001,World,150,Europe,039,Southern Europe,,,Serbia,688,RS,SRB,False,False,False,Developed,世界,欧洲,南欧,,塞尔维亚,Весь мир,Европа,Южная Европа,,Сербия,Monde,Europe,Europe méridionale,,Serbie,Mundo,Europa,Europa meridional,,Serbia,العالم ,أوروبا,أوروبا الجنوبية,, صربيا
001,World,150,Europe,039,Southern Europe,,,Slovenia,705,SI,SVN,False,False,False,Developed,世界,欧洲,南欧,,斯洛文尼亚,Весь мир,Европа,Южная Европа,,Словения,Monde,Europe,Europe méridionale,,Slovénie,Mundo,Europa,Europa meridional,,Eslovenia,العالم ,أوروبا,أوروبا الجنوبية,, سلوفينيا
001,World,150,Europe,039,Southern Europe,,,Spain,724,ES,ESP,False,False,False,Developed,世界,欧洲,南欧,,西班牙,Весь мир,Европа,Южная Европа,,Испания,Monde,Europe,Europe méridionale,,Espagne,Mundo,Europa,Europa meridional,,España,العالم ,أوروبا,أوروبا الجنوبية,, إسبانيا
001,World,150,Europe,155,Western Europe,,,Austria,040,AT,AUT,False,False,False,Developed,世界,欧洲,西欧,,奥地利,Весь мир,Европа,Западная Европа,,Австрия,Monde,Europe,Europe occidentale,,Autriche,Mundo,Europa,Europa occidental,,Austria,العالم ,أوروبا,أوروبا الغربية,, النمسا
001,World,150,Europe,155,Western Europe,,,Belgium,056,BE,BEL,False,False,False,Developed,世界,欧洲,西欧,,比利时,Весь мир,Европа,Западная Европа,,Бельгия,Monde,Europe,Europe occidentale,,Belgique,Mundo,Europa,Europa occidental,,Bélgica,العالم ,أوروبا,أوروبا الغربية,, بلجيكا
001,World,150,Europe,155,Western Europe,,,France,250,FR,FRA,False,False,False,Developed,世界,欧洲,西欧,,法国,Весь мир,Европа,Западная Европа,,Франция,Monde,Europe,Europe occidentale,,France,Mundo,Europa,Europa occidental,,Francia,العالم ,أوروبا,أوروبا الغربية,, فرنسا
001,World,150,Europe,155,Western Europe,,,Germany,276,DE,DEU,False,False,False,Developed,世界,欧洲,西欧,,德国,Весь мир,Европа,Западная Европа,,Германия,Monde,Europe,Europe occidentale,,Allemagne,Mundo,Europa,Europa occidental,,Alemania,العالم ,أوروبا,أوروبا الغربية,, ألمانيا
001,World,150,Europe,155,Western Europe,,,Liechtenstein,438,LI,LIE,False,False,False,Developed,世界,欧洲,西欧,,列支敦士登,Весь мир,Европа,Западная Европа,,Лихтенштейн,Monde,Europe,Europe occidentale,,Liechtenstein,Mundo,Europa,Europa occidental,,Liechtenstein,العالم ,أوروبا,أوروبا الغربية,, ليختنشتاين
001,World,150,Europe,155,Western Europe,,,Luxembourg,442,LU,LUX,False,False,False,Developed,世界,欧洲,西欧,,卢森堡,Весь мир,Европа,Западная Европа,,Люксембург,Monde,Europe,Europe occidentale,,Luxembourg,Mundo,Europa,Europa occidental,,Luxemburgo,العالم ,أوروبا,أوروبا الغربية,, لكسمبرغ
001,World,150,Europe,155,Western Europe,,,Monaco,492,MC,MCO,False,False,False,Developed,世界,欧洲,西欧,,摩纳哥,Весь мир,Европа,Западная Европа,,Монако,Monde,Europe,Europe occidentale,,Monaco,Mundo,Europa,Europa occidental,,Mónaco,العالم ,أوروبا,أوروبا الغربية,, موناكو
001,World,150,Europe,155,Western Europe,,,Netherlands,528,NL,NLD,False,False,False,Developed,世界,欧洲,西欧,,荷兰,Весь мир,Европа,Западная Европа,,Нидерланды,Monde,Europe,Europe occidentale,,Pays-Bas,Mundo,Europa,Europa occidental,,Países Bajos,العالم ,أوروبا,أوروبا الغربية,, هولندا
001,World,150,Europe,155,Western Europe,,,Switzerland,756,CH,CHE,False,False,False,Developed,世界,欧洲,西欧,,瑞士,Весь мир,Европа,Западная Европа,,Швейцария,Monde,Europe,Europe occidentale,,Suisse,Mundo,Europa,Europa occidental,,Suiza,العالم ,أوروبا,أوروبا الغربية,, سويسرا
001,World,009,Oceania,053,Australia and New Zealand,,,Australia,036,AU,AUS,False,False,False,Developed,世界,大洋洲,澳大利亚和新西兰,,澳大利亚,Весь мир,Океания,Австралия и Новая Зеландия,,Австралия,Monde,Océanie,Australie et Nouvelle-Zélande,,Australie,Mundo,Oceanía,Australia y Nueva Zelandia,,Australia,العالم ,أوقيانوسيا,أستراليا ونيوزيلندا,, أستراليا
001,World,009,Oceania,053,Australia and New Zealand,,,Christmas Island,162,CX,CXR,False,False,False,Developed,世界,大洋洲,澳大利亚和新西兰,,圣诞岛,Весь мир,Океания,Австралия и Новая Зеландия,,остров Рождества,Monde,Océanie,Australie et Nouvelle-Zélande,,Île Christmas,Mundo,Oceanía,Australia y Nueva Zelandia,,Isla Christmas,العالم ,أوقيانوسيا,أستراليا ونيوزيلندا,, جزيرة عيد الميلاد
001,World,009,Oceania,053,Australia and New Zealand,,,Cocos (Keeling) Islands,166,CC,CCK,False,False,False,Developed,世界,大洋洲,澳大利亚和新西兰,,科科斯（基林）群岛,Весь мир,Океания,Австралия и Новая Зеландия,,Кокосовых (Килинг) островов,Monde,Océanie,Australie et Nouvelle-Zélande,,Îles des Cocos (Keeling),Mundo,Oceanía,Australia y Nueva Zelandia,,Islas Cocos (Keeling),العالم ,أوقيانوسيا,أستراليا ونيوزيلندا,, جزر كوكس (كيلينغ)
001,World,009,Oceania,053,Australia and New Zealand,,,Heard Island and McDonald Islands,334,HM,HMD,False,False,False,Developed,世界,大洋洲,澳大利亚和新西兰,,赫德岛和麦克唐纳岛,Весь мир,Океания,Австралия и Новая Зеландия,,Остров Херд и острова Макдональд,Monde,Océanie,Australie et Nouvelle-Zélande,,Île Heard-et-Îles MacDonald,Mundo,Oceanía,Australia y Nueva Zelandia,,Islas Heard y McDonald,العالم ,أوقيانوسيا,أستراليا ونيوزيلندا,, جزيرة هيرد وجزر ماكدونالد
001,World,009,Oceania,053,Australia and New Zealand,,,New Zealand,554,NZ,NZL,False,False,False,Developed,世界,大洋洲,澳大利亚和新西兰,,新西兰,Весь мир,Океания,Австралия и Новая Зеландия,,Новая Зеландия,Monde,Océanie,Australie et Nouvelle-Zélande,,Nouvelle-Zélande,Mundo,Oceanía,Australia y Nueva Zelandia,,Nueva Zelandia,العالم ,أوقيانوسيا,أستراليا ونيوزيلندا,, نيوزيلندا
001,World,009,Oceania,053,Australia and New Zealand,,,Norfolk Island,574,NF,NFK,False,False,False,Developed,世界,大洋洲,澳大利亚和新西兰,,诺福克岛,Весь мир,Океания,Австралия и Новая Зеландия,,Остров Норфолк,Monde,Océanie,Australie et Nouvelle-Zélande,,Île Norfolk,Mundo,Oceanía,Australia y Nueva Zelandia,,Isla Norfolk,العالم ,أوقيانوسيا,أستراليا ونيوزيلندا,, جزيرة نورفولك
001,World,009,Oceania,054,Melanesia,,,Fiji,242,FJ,FJI,False,False,True,Developing,世界,大洋洲,美拉尼西亚,,斐济,Весь мир,Океания,Меланезия,,Фиджи,Monde,Océanie,Mélanésie,,Fidji,Mundo,Oceanía,Melanesia,,Fiji,العالم ,أوقيانوسيا,ميلانيزيا,, فيجي
001,World,009,Oceania,054,Melanesia,,,New Caledonia,540,NC,NCL,False,False,True,Developing,世界,大洋洲,美拉尼西亚,,新喀里多尼亚,Весь мир,Океания,Меланезия,,Новая Каледония,Monde,Océanie,Mélanésie,,Nouvelle-Calédonie,Mundo,Oceanía,Melanesia,,Nueva Caledonia,العالم ,أوقيانوسيا,ميلانيزيا,, كاليدونيا الجديدة
001,World,009,Oceania,054,Melanesia,,,Papua New Guinea,598,PG,PNG,False,False,True,Developing,世界,大洋洲,美拉尼西亚,,巴布亚新几内亚,Весь мир,Океания,Меланезия,,Папуа-Новая Гвинея,Monde,Océanie,Mélanésie,,Papouasie-Nouvelle-Guinée,Mundo,Oceanía,Melanesia,,Papua Nueva Guinea,العالم ,أوقيانوسيا,ميلانيزيا,, بابوا غينيا الجديدة
001,World,009,Oceania,054,Melanesia,,,Solomon Islands,090,SB,SLB,True,False,True,Developing,世界,大洋洲,美拉尼西亚,,所罗门群岛,Весь мир,Океания,Меланезия,,Соломоновы Острова,Monde,Océanie,Mélanésie,,Îles Salomon,Mundo,Oceanía,Melanesia,,Islas Salomón,العالم ,أوقيانوسيا,ميلانيزيا,, جزر سليمان
001,World,009,Oceania,054,Melanesia,,,Vanuatu,548,VU,VUT,False,False,True,Developing,世界,大洋洲,美拉尼西亚,,瓦努阿图,Весь мир,Океания,Меланезия,,Вануату,Monde,Océanie,Mélanésie,,Vanuatu,Mundo,Oceanía,Melanesia,,Vanuatu,العالم ,أوقيانوسيا,ميلانيزيا,, فانواتو
001,World,009,Oceania,057,Micronesia,,,Guam,316,GU,GUM,False,False,True,Developing,世界,大洋洲,密克罗尼西亚,,关岛,Весь мир,Океания,Микронезия,,Гуам,Monde,Océanie,Micronésie,,Guam,Mundo,Oceanía,Micronesia,,Guam,العالم ,أوقيانوسيا,ميكرونيزيا,, غوام
001,World,009,Oceania,057,Micronesia,,,Kiribati,296,KI,KIR,True,False,True,Developing,世界,大洋洲,密克罗尼西亚,,基里巴斯,Весь мир,Океания,Микронезия,,Кирибати,Monde,Océanie,Micronésie,,Kiribati,Mundo,Oceanía,Micronesia,,Kiribati,العالم ,أوقيانوسيا,ميكرونيزيا,, كيريباس
001,World,009,Oceania,057,Micronesia,,,Marshall Islands,584,MH,MHL,False,False,True,Developing,世界,大洋洲,密克罗尼西亚,,马绍尔群岛,Весь мир,Океания,Микронезия,,Маршалловы Острова,Monde,Océanie,Micronésie,,Îles Marshall,Mundo,Oceanía,Micronesia,,Islas Marshall,العالم ,أوقيانوسيا,ميكرونيزيا,, جزر مارشال
001,World,009,Oceania,057,Micronesia,,,Micronesia (Federated States of),583,FM,FSM,False,False,True,Developing,世界,大洋洲,密克罗尼西亚,,密克罗尼西亚联邦,Весь мир,Океания,Микронезия,,Микронезия (Федеративные Штаты),Monde,Océanie,Micronésie,,Micronésie (États fédérés de),Mundo,Oceanía,Micronesia,,Micronesia (Estados Federados de),العالم ,أوقيانوسيا,ميكرونيزيا,, ميكرونيزيا (ولايات - الموحدة)
001,World,009,Oceania,057,Micronesia,,,Nauru,520,NR,NRU,False,False,True,Developing,世界,大洋洲,密克罗尼西亚,,瑙鲁,Весь мир,Океания,Микронезия,,Науру,Monde,Océanie,Micronésie,,Nauru,Mundo,Oceanía,Micronesia,,Nauru,العالم ,أوقيانوسيا,ميكرونيزيا,, ناورو
001,World,009,Oceania,057,Micronesia,,,Northern Mariana Islands,580,MP,MNP,False,False,True,Developing,世界,大洋洲,密克罗尼西亚,,北马里亚纳群岛,Весь мир,Океания,Микронезия,,Северные Марианские острова,Monde,Océanie,Micronésie,,Îles Mariannes du Nord,Mundo,Oceanía,Micronesia,,Islas Marianas Septentrionales,العالم ,أوقيانوسيا,ميكرونيزيا,, جزر ماريانا الشمالية
001,World,009,Oceania,057,Micronesia,,,Palau,585,PW,PLW,False,False,True,Developing,世界,大洋洲,密克罗尼西亚,,帕劳,Весь мир,Океания,Микронезия,,Палау,Monde,Océanie,Micronésie,,Palaos,Mundo,Oceanía,Micronesia,,Palau,العالم ,أوقيانوسيا,ميكرونيزيا,, بالاو
001,World,009,Oceania,057,Micronesia,,,United States Minor Outlying Islands,581,UM,UMI,False,False,False,Developing,世界,大洋洲,密克罗尼西亚,,美国本土外小岛屿,Весь мир,Океания,Микронезия,,Внешние малые острова Соединенных Штатов,Monde,Océanie,Micronésie,,Îles mineures éloignées des États-Unis,Mundo,Oceanía,Micronesia,,Islas menores alejadas de Estados Unidos,العالم ,أوقيانوسيا,ميكرونيزيا,, نائية التابعة للولايات المتحدة 
001,World,009,Oceania,061,Polynesia,,,American Samoa,016,AS,ASM,False,False,True,Developing,世界,大洋洲,波利尼西亚,,美属萨摩亚,Весь мир,Океания,Полинезия,,Американское Самоа,Monde,Océanie,Polynésie,,Samoa américaines,Mundo,Oceanía,Polinesia,,Samoa Americana,العالم ,أوقيانوسيا,بولينيزيا,, ساموا الأمريكية
001,World,009,Oceania,061,Polynesia,,,Cook Islands,184,CK,COK,False,False,True,Developing,世界,大洋洲,波利尼西亚,,库克群岛,Весь мир,Океания,Полинезия,,Острова Кука,Monde,Océanie,Polynésie,,Îles Cook,Mundo,Oceanía,Polinesia,,Islas Cook,العالم ,أوقيانوسيا,بولينيزيا,, جزر كوك
001,World,009,Oceania,061,Polynesia,,,French Polynesia,258,PF,PYF,False,False,True,Developing,世界,大洋洲,波利尼西亚,,法属波利尼西亚,Весь мир,Океания,Полинезия,,Французская Полинезия,Monde,Océanie,Polynésie,,Polynésie française,Mundo,Oceanía,Polinesia,,Polinesia Francesa,العالم ,أوقيانوسيا,بولينيزيا,, بولينيزيا الفرنسية
001,World,009,Oceania,061,Polynesia,,,Niue,570,NU,NIU,False,False,True,Developing,世界,大洋洲,波利尼西亚,,纽埃,Весь мир,Океания,Полинезия,,Ниуэ,Monde,Océanie,Polynésie,,Nioué,Mundo,Oceanía,Polinesia,,Niue,العالم ,أوقيانوسيا,بولينيزيا,, نيوي
001,World,009,Oceania,061,Polynesia,,,Pitcairn,612,PN,PCN,False,False,False,Developing,世界,大洋洲,波利尼西亚,,皮特凯恩,Весь мир,Океания,Полинезия,,Питкэрн,Monde,Océanie,Polynésie,,Pitcairn,Mundo,Oceanía,Polinesia,,Pitcairn,العالم ,أوقيانوسيا,بولينيزيا,, بيتكرن
001,World,009,Oceania,061,Polynesia,,,Samoa,882,WS,WSM,False,False,True,Developing,世界,大洋洲,波利尼西亚,,萨摩亚,Весь мир,Океания,Полинезия,,Самоа,Monde,Océanie,Polynésie,,Samoa,Mundo,Oceanía,Polinesia,,Samoa,العالم ,أوقيانوسيا,بولينيزيا,, ساموا
001,World,009,Oceania,061,Polynesia,,,Tokelau,772,TK,TKL,False,False,False,Developing,世界,大洋洲,波利尼西亚,,托克劳,Весь мир,Океания,Полинезия,,Токелау,Monde,Océanie,Polynésie,,Tokélaou,Mundo,Oceanía,Polinesia,,Tokelau,العالم ,أوقيانوسيا,بولينيزيا,, توكيلاو
001,World,009,Oceania,061,Polynesia,,,Tonga,776,TO,TON,False,False,True,Developing,世界,大洋洲,波利尼西亚,,汤加,Весь мир,Океания,Полинезия,,Тонга,Monde,Océanie,Polynésie,,Tonga,Mundo,Oceanía,Polinesia,,Tonga,العالم ,أوقيانوسيا,بولينيزيا,, تونغا
001,World,009,Oceania,061,Polynesia,,,Tuvalu,798,TV,TUV,True,False,True,Developing,世界,大洋洲,波利尼西亚,,图瓦卢,Весь мир,Океания,Полинезия,,Тувалу,Monde,Océanie,Polynésie,,Tuvalu,Mundo,Oceanía,Polinesia,,Tuvalu,العالم ,أوقيانوسيا,بولينيزيا,, توفالو
001,World,009,Oceania,061,Polynesia,,,Wallis and Futuna Islands,876,WF,WLF,False,False,False,Developing,世界,大洋洲,波利尼西亚,,瓦利斯群岛和富图纳群岛,Весь мир,Океания,Полинезия,,Острова Уоллис и Футуна,Monde,Océanie,Polynésie,,Îles Wallis-et-Futuna,Mundo,Oceanía,Polinesia,,Islas Wallis y Futuna,العالم ,أوقيانوسيا,بولينيزيا,, جزر واليس وفوتونا
